index,Nigeria,Ethiopia,Egypt,Congo,Tanzania,South Africa,Kenya,Uganda,Sudan,Algeria,China,India,Indonesia,Pakistan,Bangladesh,Japan,Philippines,Vietnam,Iran,Turkey,Russia,Germany,United Kingdom,France,Italy,Spain,Ukraine,Poland,Romania,Netherlands,Austria,United States,Mexico,Canada,Guatemala,Haiti,Cuba,Dominican Republic,Honduras,Nicaragua,El Salvador,Brazil,Columbia,Argentina,Peru,Venezuela,Chile,Ecuador,Bolivia,Paraguay,Uruguay,Australia,Papua New Guinea,New Zealand,Fiji,Solomon Islands,Vanuatu,Samoa,Kiribati,Micronesia,Tonga
accountant,0.07284848675334814,-0.30695814102119706,-0.569389411391043,-0.25372488165159546,-0.008779507510615823,0.34476696373043336,0.2642630097575055,0.029639187883509034,-0.4065999685066188,-0.3971714023990387,-0.29959047942005423,-0.11396930393176374,0.13260677323122044,-0.2858773645735406,-0.19705514866660087,-0.21996498293751834,0.12155950700425125,-0.3390285224129536,-0.5135933443398788,-0.3428119874055677,-0.24973909472053063,-0.19435343056044804,0.25259195613599533,-0.10062689981784452,-0.21563905713309547,-0.16454030024638075,-0.4440226043602092,-0.36017170444504243,-0.27869861012330094,0.027242727149627947,-0.20395806781386944,-0.0719372209771626,-0.1977261371770307,0.062383774531094886,-0.050651978149566845,-0.2923989465082548,-0.17300923233334337,-0.041655855264977795,0.160236693729026,-0.09473390491972541,0.0024654394949669895,-0.012226990167999888,-0.1651414246962523,-0.16892880018658646,0.036724901610455635,0.044605935713806506,0.06457654391810486,-0.10724084757847471,-0.1671812479100943,-0.06560490731817821,-0.024868985105413657,0.290530541910455,0.45316380225870495,0.4778491032307065,0.4580053475898294,0.4770512244171301,0.202633153465542,0.3311092753610089,0.49518783150501283,0.0901942495118157,0.27342720961968253
architect,-0.29724224520983383,0.06799417925220462,0.32113452500132933,-0.4078352341762228,0.020932521653870075,0.09292687514024468,-0.11766303786824228,-0.29304455564357224,-0.22834057602245383,0.24330596459581708,0.09138473509613322,0.14986379932638913,0.3068751126485045,-0.04906027581078075,-0.001311948207462257,0.24028328527683124,0.13413880761440683,-0.42265515894597766,0.48524888855727677,0.37734672136587205,0.4147514376841211,0.4622374319822705,0.10661276525292897,0.4692736017547738,0.5541476552569379,0.3840698995122083,0.12035736090192922,0.15346245178436815,0.2517733268535239,0.448690016778533,0.4293505662511354,0.0037863092661138908,0.12458833120950173,-0.0436398619167637,0.3232125635789168,-0.13903020319147646,0.01708710437626735,-0.167499480909492,-0.029059363597453928,0.2597382850811845,0.36340223109047093,0.3703101254941891,-0.15223834204680994,0.3399608425051436,0.3960607320341249,0.255827670799132,0.3615120723769644,0.3272285673763756,0.27308338475509114,0.44019438861840626,0.34819979984166594,0.11596330424330595,-0.2562330922649509,0.18891574314428633,-0.2036726419448732,-0.4598769594824083,-0.1735707040241716,-0.251231912514009,-0.051059891752077084,-0.2953058009235182,-0.3197037777243842
artist,-0.1574068742468161,-0.23751004342710838,0.1545295370815229,0.050538088472693116,-0.08040961527649017,0.3220040862020957,-0.3491526514509559,-0.31915150159492023,-0.23191704317726025,-0.10594542041928888,0.1577963231062032,0.16100398020538886,-0.08284481499549703,-0.0955431775727234,-0.03192905789085104,0.20485987852253096,0.01977031989874578,0.26458818626693037,-0.042654432570416324,-0.04156225898621075,0.19691899546262956,0.4474008084942635,-0.12389641329035452,0.4176810138053254,0.2707264050552542,0.15973134644369055,0.012708466293529116,0.038426380718120795,-0.13327620974507037,0.6012635406571851,0.15066004516368114,-0.03752433641733068,0.28427958370429385,0.16420879492868495,-0.029919852480038207,0.30982806288504183,0.02681043893058101,-0.26889551416809054,-0.3780382236626048,-0.018037381481196813,-0.12874860570436014,0.1408321155556994,0.1848491491237459,0.11698778400310864,0.20307621180042387,0.03713662677932687,0.06240669047137323,-0.028663216471329574,-0.003069471355893832,0.15792455258800817,-0.0014560338143221104,0.16105376109511052,-0.3329366858497587,0.14559643091267882,-0.49607952624099194,-0.5046079416658132,-0.18927799119400573,-0.42323170678123767,-0.39786982607173255,-0.30054397704633334,-0.5102038321032982
attorney,-0.061664038159561896,-0.39565131443457346,-0.6208612227975185,-0.6056696430495088,-0.2711697236901963,-0.13651179541904038,-0.17795923970891006,-0.4064028295354934,-0.4999326485053098,-0.3368955440394728,-0.4711361920281449,-0.7250161111100082,-0.05032780628103572,-0.5681632588883675,-0.8732504994702924,-0.08232289533501656,0.3245078485289789,-0.46579241751721784,-0.2802715393154457,-0.23231192517877935,-0.13482998753157618,0.08719899141152304,-0.031161034169015982,-0.15124167507837485,0.00651005697173839,-0.026151815357834136,-0.23212753799773275,-0.3333766757627703,-0.1182007649989895,0.20247400779168645,0.07602932076742022,0.9663876190222179,0.5907010546348131,0.20037031267961847,0.4893583962347014,0.3151232172167461,0.5052908674806714,0.8490902265569202,0.5697721631985398,0.7127430858430489,0.6569897666632789,0.4221269406011676,1.3220868854737247,0.3483231028292925,0.14339945699272014,0.6556991582917183,0.28427545731419007,0.30573808035633115,0.09588884814740226,0.35915056257587036,0.4309574816177863,0.17069206751886165,-0.07285848690010674,0.22976230647665483,0.2643201359796066,0.08156526389703905,0.29303258568149726,0.2718535793367474,0.03454648906932989,0.0702987216648355,0.14062280868385338
banker,0.4256027502812041,0.5772581853130887,0.38271370546040256,0.34476396481136573,0.4167753211410458,0.2960765396105377,0.4399946764763261,0.25966228422689785,0.3770471238209797,0.3825506514521785,0.04807870938592882,0.32631074971174173,0.15654431132347368,0.4143077214905367,0.41964818091403916,-0.26471256872676535,0.09830957365378315,-0.3141750584777402,0.15692199984955169,0.3158307897039238,0.16704641654445598,0.26922091470680487,0.06161105080642377,0.13518375911643285,0.271931298071612,0.16768752200434828,0.1857193222990063,0.12644458709113365,0.36950761820785627,0.24442270153720533,0.515601787252729,0.23417284776491776,0.17380760042525578,-0.18099033107811938,0.27905228955555905,0.15548298205317884,0.30855647365329325,0.09694280612512092,0.43445740067311694,0.4599934855071926,0.2338002293603335,0.5148960436353821,0.24121446926808113,0.13408467101486862,0.10273785187365615,0.403968634616984,0.09462935353145696,0.17021562983903613,0.19977624427190982,0.35975696832024434,0.42257156400132245,-0.11905911865401075,-0.29935767407010083,-0.33395300876367146,-0.033453880283725784,-0.1931931639507582,-0.23598218604326324,-0.18499926232015065,-0.14180258461309808,-0.04558918608522513,-0.1668953918502768
bartender,-0.8953241713726798,-0.642627439582852,-0.7022046929927602,-0.7605134819668319,-1.1474738497434984,-0.5578352965845781,-1.1275099884606632,-1.1026003260203878,-1.1287969822593447,-0.7627592629291305,-0.5479666588799105,-1.1988662849617957,-0.7721900599261631,-1.6261649126161069,-1.6794449158768179,-0.3665209595421173,-0.4574720286647496,-0.45740825093828136,-1.3610407537104008,-0.7084262829830774,-0.6612749495892586,-0.7571555630205765,-0.5519648942110943,-0.6340483392599198,-0.422862881079894,-0.2620569164571989,-0.7586193217335168,-0.6696516138343459,-0.5798827560834464,-0.6419101555756148,-0.5200322553853333,-0.0196505537679726,0.34890883472244,-0.36234707262495885,-0.09861386812311983,-0.2853381297509811,0.3643487907931925,0.47882609259433667,-0.063177965621219,-0.067284820166458,-0.3133316629666227,-0.4707066832939761,0.6069979826606673,-0.44063259579193187,-0.4642034470064223,-0.19478215675058372,-0.36633477451531976,-0.3733450565769389,-0.6534429324214301,-0.8229843015911255,-0.35726034908139204,-0.5850574109145354,-1.0142072741610368,-0.5989957248368195,-0.5042327659376582,-0.3548451997589835,-0.730618790762032,-0.6242133886655391,-0.5104478853151397,-0.7052482628548024,-0.598394061604574
broadcaster,0.603657751719936,0.14300298938279857,-0.4303438791031587,0.17860760700915293,0.6737880758815851,0.6598512192288656,0.6965462199446099,0.3654799811010891,0.36764333058151266,0.10912967048210925,-0.2724904287781053,-0.26339550375608856,0.191415240721408,0.3865591553752078,0.01426787651791795,0.2204492182129536,-0.22164183138466295,-0.2497153666283422,0.28954772389792666,0.06381179948030764,-0.09172143496518842,0.5223565732782197,1.1325561624059215,0.18722996805268377,-0.14970749735287855,0.12272600017331177,0.15858188202465753,0.6435870089657214,0.12626220668271626,0.6823617999258826,0.4516288830800147,0.2328176435958276,-0.3831823992859479,0.9874426051690888,-0.111346634718732,-0.25173932595793613,-0.011312690070934035,-0.036142086357321454,-0.13345163281654046,-0.09470263177988511,-0.11091934257537181,-0.1805294932869459,0.1503788245560546,0.07799660073920567,-0.372164775696372,-0.17064404221002913,0.14308383713844844,-0.19852349605008623,-0.28291311526890317,-0.03744160523440277,0.10190767026695287,0.8531930250620197,0.8199231787033464,1.0318857781230673,0.3201737006200447,0.39076386955311415,0.5954291866685226,0.1677679329336089,0.6201242380007912,-0.17638806575634514,0.20917999546284888
builder,-0.204285400229325,-0.4003423472431772,-0.34876259050025094,-0.767750393127799,-0.1683440278827037,-0.00924012241863168,-0.17318096269927033,-0.23934485223217916,-0.43478707521309556,-0.48085857585716435,-0.7327595984913013,0.03761731042416178,-0.2409431118094902,-0.339206481898877,-0.30622288386775254,-0.2761874127887993,-0.42816410181961834,-0.9316595389838644,-0.5175952812848905,-0.32380325209493316,-0.36793672533621624,-0.47075829856991525,0.19122199607514895,-0.4448436703803143,-0.19781329497270872,-0.5128156261400966,-0.5287985245534608,-0.5829849854117312,-0.8258197673256593,-0.3715771280073795,-0.7671870047937723,-0.22107685451812445,-0.48905559967688067,0.17502163242442736,-0.23320345232185055,-0.4118163789768252,-0.55251545714582,-0.3435476305149892,-0.10357282998121259,-0.4123687712784358,-0.4744208993580543,-0.39823904565505014,0.16182444853126163,-0.3121294147018607,-0.7304716170440414,-0.4261744290692306,-0.5328189624698971,-0.5728690295200038,-0.6525839293025556,-0.4040033672638523,-0.3148554392083486,0.6049052558711056,0.17748227089674892,0.8410618409027818,-0.12165316776371132,0.037929896000866506,-0.21985237879914105,-0.10560256562535825,0.03025220101745083,-0.5781435366901518,-0.15671730437830694
businessman,0.7106501159393422,0.47817735744926243,-0.045572552346193326,0.2878273696156087,0.620093658541503,0.3868275497263025,0.6493051279871839,0.5912301489475369,0.46592991559571734,0.19281622421347458,0.4866792449328692,0.4113291189989886,0.5143363924582658,0.5133387810042587,0.5672036781976745,0.21579008822455348,0.5656060965616126,-0.2569590373116712,0.323247462408552,0.4886706712166411,0.29214429358249844,-0.13119362258886033,0.19624159318127202,-0.1879632633349559,-0.014518590818083309,0.003950760139054191,0.21804182216935564,-0.2224062858181892,0.08216554059546845,0.030951772557906914,0.159051802538041,0.23393710476464563,0.22164922220649233,0.35335843415108176,0.38537513830901593,0.28934212557019495,0.2913116566220623,0.5790727067358168,0.6675421208992123,0.38794569110135935,0.6810287214716706,0.42409118709383387,-0.2614524224036506,0.3336433263072372,0.2694047187995866,0.5202748459259048,0.3245197599393406,0.3964720487636201,0.38082396398747687,0.5063383094585762,0.4019344927545163,0.24415953345774752,0.7701827289245814,0.06847216840299421,0.2920630951582845,0.6583594363406674,0.5460128437698569,0.24307336955271877,0.5989169317873045,0.3452179890002524,0.16543911121994545
butcher,-0.26298199376790005,0.04891125720119812,-0.19054959212429434,-0.010803763723900106,-0.3074494171832567,0.2272727354573481,-0.05885749309505894,-0.015018845466574901,-0.4181754560904125,-0.23055256414599654,-0.360165348878501,-0.5521354909983887,-0.21039253443876363,-0.860801053369946,-0.9213426110084527,-0.423001408147496,-0.397649261603409,-0.4552864203437395,-0.885334776494364,-0.048684153859640804,-0.46992409045809896,-0.031261523430366096,-0.158586407104514,-0.03566855276766762,-0.048917592534032245,-0.24799896242745142,-0.5182245609004532,-0.1772975292117657,-0.5472351085262137,0.2238701566843134,-0.27999633502385585,-0.8475965252765275,-0.7697030123196515,-0.3058590388374612,-0.8456604388567261,-0.642826687116221,-0.7312577403386874,-0.8460799936651896,-0.7405739108290541,-1.1194088991152669,-1.1000998399051687,-0.6473835433890434,-1.2679850744740542,-0.611209582496594,-0.9743944116607012,-0.7893325142890517,-0.6148622366542374,-0.9381143833595398,-0.6797248036266573,-0.7401453465401735,-0.4751263339982708,-0.07162976062611633,-0.19430776106394393,0.06463434866361624,-0.09907795612364138,-0.06969388326315017,-0.12002234802834306,-0.17341527485618793,0.13194118325624968,-0.5511608596079539,-0.14880202511825058
captain,-0.427256947286708,-1.1338838047652897,-0.23680137933977782,-0.6201619878229103,-0.7145736756370379,-0.7235158108204665,-0.3686087921499575,-0.8558796005464376,-0.2712906607816625,0.06816818486162561,-0.3760825564586803,-0.30095055796745995,-0.24087076355085627,0.4672880189875816,0.11189995804495706,-0.5887190534295297,-0.25241740991595835,0.4399019561299584,-0.19135463062974944,-0.12843491803982304,-0.20854427490539837,-0.4670909582036277,-0.7302923766579291,-0.43426991394270487,-0.6533675891733342,-0.4090161154214069,-0.2683398515970434,-0.6836712213347677,-0.5308413478369257,-0.7131191410943986,-0.7436558644461214,-0.9296985184624008,-0.9815686356101677,-0.3969583107504782,-0.5014353751714606,-0.24996860817106684,-0.24572928500829877,-0.19103632463133663,-0.06702860362764763,-0.5456843157920118,0.09123519168164522,-0.17816005197530965,-0.779532452557454,-0.24365636748048025,-0.11520430193801315,-0.45336171445834894,-0.2242241132507232,-0.16149939187124396,0.09941795979708042,0.3203743131864947,0.26858185751565355,-0.39088252453951716,-0.45783508220847385,-0.8980562430099296,0.14730543362667475,0.013218530940435359,0.5231503786441215,0.14580565566951906,0.18438477184483518,-0.3244583847918005,0.17297376109852863
carpenter,-0.19248153295430767,-0.34700993843774514,-0.34966087683520536,-0.408683016877507,-0.17749722762678607,-0.10379069265842619,-0.20116243779063156,-0.08773036770408991,-0.5548319881647056,-0.6810370663088584,-0.4413203732676447,-0.19863592531574828,0.016297981309684847,-0.604811069669958,-0.5063143633274293,0.20257437001201112,-0.12442276336426662,-0.34831984414281786,-0.5146572690107308,-0.3104472312196132,-0.34258646607822196,-0.24698485309301157,-0.19894296271072062,-0.3605695535667073,-0.2167705323864474,-0.32858469242673727,-0.5685974828302041,-0.2784308808494462,-0.8730538197306876,-0.15556055246986236,-0.7942872634237046,-0.11279809865492248,-0.04043841867568543,0.07183310107370253,0.03305908098411308,0.01129087201571638,-0.29490054975729996,0.014562131299035178,0.17396564926951666,-0.1974553239647012,-0.2587923999327842,-0.3065092446186231,0.10749983398727211,-0.33461081171554485,-0.3211874217899587,-0.26810252512696664,-0.2672336598371048,-0.3598497234681215,-0.2874670505475379,-0.3277309147817635,-0.19347825948687908,0.1618474235610057,0.542292665972184,0.5456337984398681,-0.004279444256099559,0.6113535032104928,0.013666777252894047,0.4039049831185712,0.19040099402665858,0.11894349581233514,0.11634718694187242
chef,-0.3268723568274487,0.32474529924181095,-0.2063235225412094,-0.07560915284538007,-0.0792287222169842,0.13825764556805878,-0.07926703253019661,-0.16174389213529708,-0.22405286155421814,0.06871642814763182,0.44224904071877313,-0.18216586666153808,0.45466711910413543,-0.6195911085675466,-0.8553713715963364,0.231448360664979,0.334201911774558,-0.09498291789778462,-0.4410355391902773,-0.1778611184516151,-0.565842460253427,-0.03455592248361797,0.0652281510507958,0.4125424032520743,0.2695360001197471,0.30497442312934586,-0.884042666696492,-0.4936487139384958,-0.4958018195462101,0.6474740626166349,-0.07463238257124738,-0.06115957306208342,0.26370868140367626,0.1184901983590899,-0.06926729817796999,0.18020886849556741,-0.15365452777499347,0.10996047686520508,-0.02380809760708154,-0.19774890575238327,-0.25136306197085484,0.033556538425032,-0.5205517491759354,-0.056363682945778586,-0.06453564790747461,-0.13654943384787877,0.07268352648952997,-0.07556638892925978,-0.12889578624312062,-0.17468650358711524,0.007096359523245406,0.05184488939914531,-0.02285062920310347,0.09221965690573725,-0.030885435707374113,0.061534871544335304,0.004688151098713253,-0.004984245240761357,0.2959703077987782,-0.09356358971581022,-0.008239913387939328
coach,0.07605324922057755,0.0016737692256082262,-0.43754787981622556,-0.37455360706228963,0.2693927460562279,0.056381316191316144,0.22686225000876362,-0.0032587509976193794,0.09118014985470854,0.12051312015522278,0.036898895408871715,-0.4051101162012009,0.10766570345504076,-0.12077395971814364,-0.27651724542522965,0.23037596598228313,-0.11191318015556717,-0.5912055270399862,0.009431662508609632,0.5143975787458321,0.20133694548867714,0.09665295576042908,0.12738119314225493,-0.05878052412184997,0.13681056980646109,0.05379565605220556,0.25878232777341187,0.09757659817646039,0.2774232473874231,0.05318201918048006,0.25418374497277274,-0.30829275820484153,-0.4510875268232029,0.08293280745470354,-0.10877816166971682,-0.5181591650522102,-0.12350769183734793,0.005475343423074152,-0.08689311844475289,-0.01452600013754718,0.03153697218066738,0.25806972210310125,-0.3280029759386684,0.3398548840994757,0.03762356323389075,-0.02291338607308222,0.19322611662531217,0.12028868431031059,0.2919765273014972,0.6928076242599335,0.5034760752415339,0.4255804904650659,0.44386944427971564,0.4724960238446098,-0.23952464362154696,-0.05195954268873188,0.5046161929064998,0.0447711380788065,0.6269031602964321,-0.2934544237644855,0.21207699662324905
cook,-0.5044994287521001,0.12472998901586768,-0.1283448727343482,-0.24725204734874207,-0.3176552317675982,-0.3156816411247778,-0.21869313585204336,-0.3669774734599325,-0.28684692435070686,-0.3113128212787914,0.04381339484706722,-0.4666349188744655,0.28267012527279445,-0.5402377096398138,-0.974722972256687,-0.21302974852013307,0.01684896323881181,0.28601511929940115,-0.3938581078447658,-0.47667225437485156,-0.9187687943656704,-0.47429365728210315,-0.6212069788643421,-0.2438955662807738,-0.38210485503828334,-0.28396903250181743,-1.2764078890123183,-0.7950338502596535,-1.2320000792756014,0.057895568650504874,-0.8286231159079095,-0.653890679205619,-0.13284177303854894,-0.43978621525027795,-0.4231782839173722,-0.1467294148619581,-0.3703322098293402,-0.5201366920621608,-0.20512093692882927,-0.7156145566368375,-0.6319592231892273,-0.6989919145362434,-1.0702712126574587,-0.6923148064972623,-0.4547384866361064,-0.6044022719444964,-0.4176456759166622,-0.5688181112243197,-0.3051721891026174,-0.48612173227689787,-0.3593146904450514,-0.4235227345813298,0.013365777302877574,-0.46895935313790915,0.08034067740027263,0.25845381773703735,0.024638020039740555,0.18153092995858253,0.07969939669406884,0.22755005468790326,0.05455573342878029
dancer,0.44813830846055364,0.04536055067044799,0.13560116965432348,0.640837331195629,0.23512463498642738,0.43598630558226276,0.22118420496972002,0.15447829333699045,0.07757747834159733,0.39329471938401944,-0.0774314279391312,0.7244012054571679,0.43199206532015927,0.6555470443809138,0.757561674708445,0.22218878870633435,0.47080546856715233,0.11655369311852841,0.43402509035840703,0.7111097095990531,0.23588675402620554,-0.10096849120533924,0.0030796317824013,0.2949737760812376,0.31864724911548953,0.5524887710064543,0.4575184025905935,0.013601788544479713,0.36230038433880357,0.013215261550656094,0.27675024282197475,-0.15806857216661294,0.4699087673346406,0.5687880860153232,0.39127967840354405,0.6180350394001898,0.9477110247108983,0.6549602194759503,0.2382740401599701,0.5020849648957655,0.5024497525716064,0.6658965239832179,0.2152738450745164,0.5371083289590088,0.3400101452473492,0.49273302665378754,0.14803644572964839,0.2837580250628096,0.39010304276797203,0.146285742836621,0.37741481691964407,0.05509317084780589,-0.25271426056743407,-0.08854883623772068,-0.38019575448497195,-0.2504619319466118,0.10949421927256352,-0.2909752777868931,0.25493142863502843,-0.17118056733574036,-0.05136861210350238
designer,-0.4095667265971698,0.020387892154415808,0.08992861871520653,-0.271100950724195,-0.15924880802983699,0.2711172286311155,-0.30414854195291213,-0.384103008506435,-0.34005664347047804,0.1813761547132438,0.4120345033486397,0.060522657795354345,0.06839123695359471,-0.475413160861139,-0.24852265176929972,0.4401435577386642,-0.1544174413343952,-0.3363611250759579,0.3453404891809071,0.346931305403693,0.5445803900687277,0.4760346558167075,0.5112400838445629,0.5965860699269349,0.6151218244732478,0.3825358224981154,0.12035862126173516,-0.10236074169109456,0.15628430885877026,0.49519916228485167,0.44947618763340824,0.33728042776474426,-0.013368081382797551,0.30471652684500594,-0.01520966835722184,-0.09567627799957058,0.029111571066085504,-0.34044563369285413,-0.29317694417111717,0.10033452556095553,-0.13464949285553393,0.34421733226219725,0.11214918457933182,0.24470014796348147,-0.033725805351809385,0.13423214358483884,0.0647429472317499,0.21011747379993226,-0.028095660966267214,0.10651692201238064,0.20703582494537517,0.3646912097025989,-0.24211857635122172,0.25420571949234644,-0.5041833153786441,-0.5019304754195228,-0.40296489419183845,-0.41053288469821636,-0.23968157054629566,-0.5764303146175932,-0.5381897611673653
doctor,-0.42862401447315196,-0.12951787102647705,-0.12365388463968294,-0.10805843248744597,-0.04848245366709879,-0.17953543689512144,-0.12284540134256657,-0.036607028471663056,-0.3587370355671122,-0.11045203987369695,0.30336714390956243,-0.052718332502544166,-0.5327550875920625,0.06254541933874372,-0.018325801552797383,-0.4200476236935109,-0.1966033088356314,0.4518437423687406,-0.3440122916103656,0.010840436723515803,0.2145368849127028,-0.271329392625272,-0.3754106077015841,-0.03490516700422106,-0.08628412029411481,-0.19474934736465724,-0.13675162448464578,-0.47896881953512743,0.2152634066960533,-0.4808703625152931,0.15417236980447277,-0.2522700835270492,-0.3620617379365601,-0.47633004195182904,-0.19420066510453451,-0.33307683267934685,-0.4047086999046849,-0.16873900473140005,-0.2951831887489538,-0.3304682167415889,-0.2793703189049806,-0.44127971824229006,-0.8160280916890178,-0.15947793491178494,-0.2380987275485448,-0.3169056671361713,-0.053936051143670054,-0.2449773323628576,0.008418121463754749,-0.27072506134314134,-0.5416152938910012,-0.26655500560593753,-0.28513561577906915,-0.5413262480607124,0.04133960766583055,-0.28393670510769603,-0.13163247560138158,-0.4856671206802173,-0.4608913642814093,0.0021973812064852195,-0.0073498665664458295
economist,0.5120904314994295,0.5927097132318946,0.14830300558433496,0.5857501830395933,0.7681094204520367,0.4123022212722795,0.5138591453957305,0.4505992722208964,0.5490215934227731,0.669414952881023,0.8410484629691611,0.28636493909728417,0.725096338210984,0.7798925053987928,0.8415071878392861,0.2548980077901637,0.4478964083482923,0.4509693764619792,0.6870791427258571,0.711411846636683,0.5322076528018612,0.6879627167572557,0.05554195792859665,0.5028362756298349,0.2560187667117814,0.48378771801209985,0.4453332166732944,0.5680634377489332,0.6678016101048228,0.6136343540008568,0.8425350041358401,0.09114276312779482,0.053314439584839245,0.048907424219014325,0.572342065926651,0.10906058544162672,0.5299436286782314,0.1882356700495798,0.4265956231515154,0.6215087492166933,0.6977998844526433,0.7566274840136876,-0.27437391261376426,0.6592653314743155,0.6438475287151121,0.5434823467172395,0.7413817609979102,0.48878069042522315,0.9557372942103907,1.1020027071217726,0.9410533813762147,-0.030714088537794174,0.2738433194419926,-0.2486063669016589,0.08893633080542722,-0.09772498818911823,0.2970266440050791,-0.14014926433558314,0.3813819371242725,0.48475536125091134,0.08248675277872455
editor,-0.7703461695181918,-0.535979746043767,-0.21946282626836197,-0.5291919186748681,-0.6044861170795197,-0.24734603902418728,-0.5214423295528837,-0.7953064674924062,-0.4615987465881603,-0.1884393532757558,-0.15949610922594454,0.17275212952293284,-0.16843685731363203,-0.12018809331388729,-0.002202230868469216,-0.11376305282791237,-0.3673522445945085,-0.08939782537122488,0.11482219995864876,-0.21092891404398448,-0.04502193681953007,0.1802804541551109,-0.31071857288639776,0.12243329489005383,-0.14238234167215919,-0.1063292058919772,-0.04941135377404205,0.03949252027684073,-0.03538264386080786,-0.23224857747156952,-0.028147863498922652,-0.36306457578262136,-0.49326353355005403,-0.22855723669520125,-0.3958761811288703,-0.8999386502775855,-0.3753205799880848,-1.0359506676731518,-0.6947833229773152,-0.3770315395746638,-0.5917167848694143,-0.17650923330822418,0.4406409558026996,-0.40601425280165565,-0.1922905265355514,-0.42745828122076857,-0.3199908836384384,-0.37533452327256694,-0.46197360522665637,-0.3722338653145897,-0.38284773204718037,-0.3308072348822776,-0.6806834705953209,-0.4348429305270735,-0.23497876648571253,-0.8405993776941606,-0.588034700927174,-0.4996921417828986,-0.4063155288684844,-0.4662701762305746,-0.6704088487183908
engineer,0.054220895801143115,-0.32100643121558364,-0.025308579193816075,-0.2147975812313722,-0.044149207636637884,0.04537915904698677,0.06589367005174918,-0.24520847996767006,-0.09860737613047792,0.18842359015613977,0.1960902933430438,0.4918584283009136,0.23373608710327332,0.6297946782829158,0.5195728404659749,-0.0012350340077159484,0.217347919790648,-0.01379171476109728,0.41513087273040733,0.29251314353193403,0.300346417230287,0.3172858731563609,0.05102536776202512,0.32270839604531315,0.1346991694513852,0.16732772920517328,0.1752995848377954,-0.08970577863581591,0.06314169090982587,0.06356600743164605,0.12030990374184158,-0.09330379081452603,-0.09105403061079355,0.06756338259412155,0.07401752639652102,-0.4288738061292602,-0.415548115439534,-0.3914981947481889,0.0013490105497121348,-0.06850303595759513,0.26547612636355494,0.28651684223446366,-0.2041350022583022,0.1686245023472035,0.36201011124114113,0.11623518778197599,0.3088611221408959,0.2219484104526826,0.35088230048369806,0.45660274412396396,0.25732198506114284,0.022243838215203166,-0.04829335919794959,-0.022268096031273627,0.07928064312729073,-0.357336015007534,0.10667875740624465,-0.030725620915874004,0.18850531423548214,-0.1792837119761919,-0.06570927909812611
farmer,0.17994921745552744,0.14042397203175183,-0.4351613508496052,0.1512689610431431,0.3697094582918383,0.28975910114993747,0.7214370604364914,0.4177591105589291,0.12936215848723903,-0.331054530657665,-0.2974407345900393,-0.0016927568625478256,-0.1346009776656932,0.004818345791254343,-0.17105622587820143,-0.3503927488243029,-0.409036186182662,-0.003587098826369649,-0.24594125155347515,-0.12189108384328012,-0.44517446186373394,-0.22128170008677897,-0.06874333954837751,-0.43331722707451775,-0.4992991901472972,-0.5286767176733052,-0.08416690685763366,-0.07529996760485155,-0.4300533293379237,0.1269615872298033,-0.27673817266295486,-0.26040771762695186,-0.3582730177477233,0.17610491220882604,-0.036332971910413306,-0.23775328166965626,-0.37428253027633435,-0.1448229103907208,0.07983264394346447,-0.3938753945485444,-0.24299097436651576,-0.4452582444923164,-0.8464508697243509,-0.3130125388624689,-0.41835697100604985,-0.2756216016671238,-0.3296660284060726,-0.3491172944684856,-0.03562114425091833,-0.10887270308993806,-0.1906518224950681,-0.10644643261953948,0.9118042655402495,0.20538517629661734,0.069346773547196,0.43720063576340806,0.5588766167537006,0.178528858051291,0.5599907198663234,0.5069133860044973,0.018968285318094004
filmmaker,0.5086524424116892,0.33524552599153923,-0.04105138626854295,0.860996028287717,0.8574793774707428,0.8612667643817125,0.6795238985480045,0.6101048770754536,0.7801986191770481,0.6144760113362985,0.56014085441325,1.1352677032290535,0.6040639002551645,0.8072864058047111,0.7595926183137849,0.5690285138792657,0.5596746927679848,0.33682267846131636,1.0433503252630056,0.7233140340885338,0.3536065008694885,0.6561148614224619,0.5005003333378756,0.7399691807341112,0.48129808771495197,0.3499794628847044,0.43155246085541904,0.3702145160809237,0.47104318647437354,0.6117395860496688,0.7289351794684034,0.7096898545525128,0.374972803717428,1.1246007688751294,0.4828285262589038,0.6588010533197057,0.4726462419082975,0.30420429346615924,0.2980721991996661,0.7438812670798823,0.5521791900432351,0.7297157790427085,1.203934138114952,0.8669558689977832,0.5068177184437666,0.3172007857373062,0.6057646700451503,0.487961044271628,0.4442496321537062,0.4539697212275177,0.3592164866658559,0.6927909709539691,0.4814147750219761,0.6147833498734163,0.18044721053594523,0.0665484277271317,0.3897121396022155,0.04189985870458033,0.1703840664451625,0.2770127268469705,-0.08978705823220069
housekeeper,-1.2461117905961532,-0.5029613745842195,-0.3714780111533607,-1.0067085933022457,-1.0556221941992059,-0.8131706803117154,-0.8794694044337461,-0.851834322917347,-1.0049975986411757,-1.031896688604541,-0.42835778226941273,-0.7113247886599801,-0.6790545616382189,-1.2778752886974338,-1.5533570512795116,-0.6622243452637583,-0.73000385313742,-0.4933188967508159,-1.0335010829564266,-1.0842372135951834,-0.6130911173560157,-0.7665640492728686,-0.508828542702242,-0.5880396992810979,-0.5669427091679968,-0.6840401240638644,-1.1261416564244577,-0.7646060307953367,-0.9614477540317947,-0.547938285031882,-0.6169479362710525,-0.4127555323820753,-0.29363231610844903,-0.8398281085188627,-0.5927331928001085,-0.8166925477870794,-0.6962107463600922,-0.7271870217722102,-0.49519620463930225,-0.8045871576086296,-0.8739198603358437,-1.0516271001209816,-0.7119981922146711,-0.8773165807800923,-0.6531874487312349,-0.7912518492516684,-0.8149784367324049,-0.7912248230395155,-0.8824858042080678,-0.9562272957044101,-0.9088819028448107,-0.589268431050171,-0.6899140425297636,-0.5927790576332435,-0.3518432075599107,-0.27880024701632633,-0.8724453917199585,-0.42918485822285785,-0.7002598397773375,-0.2782352587956288,-0.41843359179891837
journalist,0.042196619845850006,0.08454330292130077,-0.003278892544894256,0.397022305352254,0.3977220681150156,0.21179124912072125,0.2971212467325112,0.21806328971175376,0.4022927324581362,0.7931536419370301,-0.015977061812523684,0.2119199441785994,0.3821377169642619,0.5664335199562952,0.5355973830120018,-0.13116131193109745,0.1427033123023282,0.10928360703854817,0.7772260082688376,0.442017842013024,0.5495518819812172,0.39508986399074403,0.08773559516362778,0.512305365251291,0.2148026032545954,0.392483497210036,0.5642020490509461,0.6457140060148278,0.6119242625599123,0.3821154898362454,0.4409157084816975,0.029717370802843087,0.04134262477408144,0.1265126550540853,0.32940469870213046,-0.043130199168378514,0.22053658007246263,-0.0410096445858215,0.1007494896578913,0.3718295459171089,0.4371093630698705,0.25778555500525796,-0.06697387498727508,0.4389597098196705,0.4321677431084445,0.34438846664994915,0.4703883465499078,0.4685587834764663,0.4073228076357821,0.6417854951663229,0.5714625598332523,0.05731828992077985,0.08258846427829672,-0.1491871956036025,0.29550670433453413,-0.08784323248824817,0.32408986418547353,-0.08152504846806372,0.34724810656211635,-0.0963037110969592,-0.020428184603200297
judge,0.2491944001887603,0.08231291410516144,-0.3951980490560317,-0.07866805206720089,0.21422006044233832,-0.20908033361825648,0.41259300015432804,-0.07462001463655202,0.056630569950934566,0.027385601717569173,-0.4110502707748437,-0.578173718402358,-0.2544171274418073,0.22311272044465003,-0.2921398165256177,-0.398482466277354,-0.17385397571849742,-0.611353245713084,0.17861920810647688,-0.04150353941165981,-0.42702342103935614,-0.15559589694781428,-0.43286231899473243,-0.2504024750150437,-0.1621362675577438,-0.12194286247291858,-0.3806676964678285,-0.2091487126443097,-0.059874163696157064,-0.31590754343869093,0.057927203288724055,-0.2346802186467844,-0.030205762909148167,-0.30938351956112553,-0.12239037658518759,-0.3973650099113047,0.02064250106329387,0.09454023492613492,0.05343287711678916,0.0249525005481609,0.1512405605564618,0.0022605142248258965,-0.45033242002130947,0.18790496527231065,-0.1573993496183146,0.1027607974426418,0.07885095389355767,-0.05920048819149313,0.24550581865226756,0.41315699912272336,0.4580250061686268,-0.14382708944555211,-0.10336467977567151,-0.3652148824720764,0.10822720353628945,-0.23544475635005294,0.26528003542365935,-0.05099796729495066,-0.00733663443987514,0.034856506274839244,0.13317915342689557
lawyer,0.31266204950692195,-0.04304917262471219,-0.2248508261792599,-0.012590809891429527,0.3369931979290843,0.20236520975134795,0.40536908354799833,0.33007726134462795,-0.07912366589158411,0.20358983667083674,-0.3503213922654815,0.03019750670453294,0.050681009853057464,0.17354845246466347,0.2331999527742504,-0.3480291495924895,0.24181354280895667,-0.47806384216449205,-0.07874059743252697,0.07813350257530205,0.04694466346580003,0.045287665184677424,-0.08145054460302294,0.02218387882166814,0.21113174157782172,0.18546392639435927,0.05813310885663373,-0.04649715693902484,0.2891769700157572,0.2892205290159971,0.24239042127952462,0.2397099502411145,0.28215173368729446,0.051243093034546154,0.3771430071117933,0.1730342927661621,0.3192062370366602,0.6698202154820394,0.49657943652854303,0.5777677789005864,0.5728830728757324,0.3609427313209023,0.28760848270542805,0.43920519760349813,0.21621904983323148,0.462038206102431,0.36992270766613383,0.3062770351296995,0.36893053249971247,0.5161423016593238,0.4710254189638178,0.040747430939256285,0.07985816019587978,0.003955739803668958,0.5130164903413195,0.31823755988421365,0.5088279992893013,0.2043572285287598,0.2838967324154381,-0.04682242401673048,0.2357767952317694
librarian,-1.1469476899556685,-0.5275406163415421,-0.11709517935263998,-0.6501925021568365,-0.8284849183321759,-0.3661432413362798,-0.7735217298734169,-0.7178607796289388,-0.8666124201788036,-0.38339601315334687,-0.6797741204919748,-0.7693252643965159,-0.6426711227660582,-1.3378758879585941,-1.0070292233201854,-0.518346449101247,-0.8613099406807513,-0.8111009594398468,-0.6920905076164274,-0.5303588302434366,-0.30637578730790443,-0.04314016548463493,-0.2795001709173905,-0.08433205857540851,-0.30215789664987025,-0.34855573670956114,-0.3275192035587683,-0.05557054905663418,0.039438573742587676,0.07764074384834027,-0.11790505284914757,-0.26155162887916866,-0.6309023455722165,-0.37172823002602245,-0.5166185648523983,-0.7457856592423572,-0.4688696812828433,-0.778800434832669,-0.7034918668691078,-0.5598984556534177,-0.7671111572160598,-0.5084079784016059,0.5087354087351316,-0.51895913101951,-0.3147867434979179,-0.6626218106152587,-0.5030868822024014,-0.5290473629165693,-0.5401744877856358,-0.678500347420215,-0.4725394191091218,-0.5244234842111971,-0.8635213639222612,-0.4928164974249505,-0.508659049462767,-0.5223212395447406,-0.8873102571251604,-0.6093351055366573,-0.5454576440655918,-0.541064259582897,-0.8314694939932538
magician,-1.1348358276602806,-0.755127440622679,0.2076738098244549,-1.149458121850064,-1.0536606994100082,-0.665632756755035,-1.1129474234055037,-1.11237756626698,-1.3574030824033179,-1.2230720350136002,-0.19668312918620073,-0.368667966841535,-1.0342675556279612,-1.2088625869448368,-1.3319483108880072,-0.7636602605945899,-1.0935664886161787,-1.6403315632056823,-0.9381144736928138,-0.6413906936557582,-0.24007186021900226,-0.9503750295122119,-0.6515447741284793,-0.5736922535255239,-0.418399489424642,-0.596014417472972,-0.7581962762589636,-0.7898369728822814,-0.5967666691725629,-0.8371489465040599,-0.5007475870011243,-1.0335557349429023,-0.6417466055354005,-0.45678240539623566,-1.1535077516571315,-1.5385520273719868,-1.2477826152150073,-1.628609719182933,-1.632653521320859,-1.240875223754059,-1.2088098547333288,-0.9523903975723007,-0.9533077924672378,-1.0640977943306995,-0.4554380351165079,-1.2526473683171842,-1.1132162945943962,-1.2794575870251603,-1.0021990241831602,-1.5950741419350876,-1.4749636679862073,-0.9231087756851751,-1.7151277048633902,-0.9275027061212137,-1.1294463619589334,-1.5120185954227991,-1.3068329581680942,-1.117755157766564,-0.9670430277303532,-1.0092316448779262,-1.1760471471953202
mechanic,-0.5342961217012882,-0.6016307531118043,-0.5102841696151341,-0.6341071181464112,-0.7360183221001931,-0.38787447602331165,-0.7505800294045614,-0.7225606272667604,-0.7156578351518595,-0.4317775124161826,-0.04402068771520224,-0.2606365115805105,-0.3077256404379909,-0.6917545061720439,-0.6330722994988596,-0.0663602416387882,-0.3727321522907118,-0.11439177640198367,-0.7100644470871329,-0.2979610882494007,-0.42165110229917546,-0.43468704977812933,-0.597813636336159,-0.37319552442201215,-0.20608776913944166,-0.13926137978657233,-0.6657120337503156,-0.6478467931987485,-0.632491914696084,-0.5956739465953722,-0.9535336077928696,-0.45521819988449724,-0.03560300395819068,-0.5499132998531724,-0.3486627095174447,-0.7672842342933809,-0.40991838991099877,-0.5554334177472542,-0.18436813176564748,-0.46695176821953316,-0.505333706748484,-0.12912053162850645,-0.8451791827379779,-0.5073436250073827,-0.3112679129908336,-0.11817146362854804,-0.33045954277470263,-0.39661445665529266,-0.35056585697729653,-0.29503467078660456,-0.29628054245841295,-0.5094770951417749,-0.3011130046274863,-0.29027870798252065,-0.1995962127762336,-0.23280344730966043,-0.37583044011010414,-0.0731140750815516,-0.39319720572251887,-0.3661700981615596,-0.13492580751924
musician,0.6462710306900766,-0.10175711698476145,-0.32244534304442163,0.37858923499402625,0.31013862600525155,0.6007270761665351,0.14680423975865517,0.1898441864076672,0.10562872594766425,0.02968064996924123,-0.6707745986342174,0.05417365809193787,0.03903466274432901,-0.0345886589837342,0.0600561746022007,0.21748979813756822,-0.21306019994164413,-0.2882480473963646,0.02322935074597028,-0.10010967366167464,-0.040219564841365116,0.4382843754321525,0.3952003519757702,0.10143015235648631,0.12887756536348174,0.2634621409028198,0.4009780724580687,0.4366582878790278,-0.04285677333164243,0.3969772851814746,0.22962348927492524,0.26500241336667607,0.1796603235086662,0.3202447536519842,-0.015562174780930409,0.16330157281606283,0.1624671954585185,0.2451038146905177,-0.11692054181271029,0.047578397782025536,-0.10964750195511568,0.43110431728062354,0.5772762331713444,0.2068457565364974,0.20680111117878353,0.12093814526752768,0.12898148001180515,0.11632622674433335,0.012371921176165796,0.0749931892593205,0.1414629249219059,0.3767759594701014,0.14774258008429933,0.35539395472816526,-0.5427329765614984,-0.01938253499238233,-0.13256780745045185,-0.2705888495140799,-0.24006565077081285,-0.3285892281414577,-0.20812146289788713
nurse,-0.2717306414156261,-0.0596665095346114,-0.3764748762465368,-0.1127629576499194,-0.06878679077409036,-0.1168212157407185,0.06811694748865461,0.21908763236200782,-0.4603195426545742,-0.547658368094594,-0.06648547429181582,-0.33871281665274355,-0.4247382579242443,-0.49562934396402636,-0.5207172070072847,-0.045496190417518144,-0.1624389137833679,0.6958308836964551,-0.9615870215823349,-0.49898479314851146,-0.13010904172576002,-0.2939566322978687,0.15479734994713643,-0.25471986739546815,-0.33879547288935635,-0.3778779014869909,-0.3474907695705929,-0.5304981131983563,-0.2614813497511446,-0.32641841985066045,-0.07872579917337408,0.1518032024366334,-0.3742167738207773,-0.060344888947869255,-0.17740027602851777,0.12614055711267758,-0.19521889570239614,0.08458435513574908,0.09804502186285276,-0.15807272640903988,-0.1350713749316309,-0.5080551723253807,0.03253366889208898,-0.3267195068676402,-0.29477902493972413,-0.15429489214036057,-0.09562833011037478,-0.10742900043730025,-0.15363087676064896,-0.32736051297691376,-0.505697466659426,0.1118678178935615,0.43145263878582824,0.14087444395349052,0.2829071502062934,0.5147438912781095,0.2539267878514874,0.2167897879894965,-0.03258858859105949,0.3036603228274025,0.3712340906156376
painter,-0.39791510348424364,0.022102115478596168,0.2984395208295203,-0.11873604976031693,-0.0098330078043083,0.20032259758526497,-0.2544186604381434,-0.28011835968401205,-0.13082414856529082,0.401791163479168,0.4639025841144351,-0.13846354309412592,0.28613902123347984,-0.3735470176771166,-0.17545635668374754,0.39856517573724726,-0.010428614037145489,0.07746799995094458,0.34690437681393266,0.2874435027311783,0.31675197400892824,0.5382585052828905,0.03584421380090845,0.7131820412780949,0.6979800770108406,0.6202887675373548,0.3327612415786831,0.6371674237637054,0.38721992268621924,0.8616520449308884,0.40231753122497915,0.03898140102184381,0.42654329885076386,0.02837011487845506,0.4516753162666659,0.4245388700520744,0.47176198083165727,0.2940548701029115,0.05768442455583392,0.4527021210081382,0.4485477173401419,0.3965506102459347,0.06803777320122041,0.5346021644617029,0.549601628234833,0.4133911111287443,0.49242295572977474,0.40849865137963143,0.381367886767463,0.632376679400235,0.6293583988276715,0.0025889679290330672,-0.14004442275272433,0.12128663227149511,-0.620929670530272,-0.08927232869329194,-0.17707243150038202,-0.2379961770565084,-0.27805714719872954,-0.022284471590449013,-0.3683526313481651
philosopher,-0.6749321313597569,-0.26329364059407606,0.5490506354775986,-0.3273922148600435,-0.42026298734176604,-0.1644211542018937,-0.8157457806757982,-0.7416504756641317,-0.5668736971032421,0.2001265155742788,0.2962214390845027,-0.07051731800874092,-0.21312593824599643,-0.5185316340977398,-0.19975090465493875,-0.14939623581522704,-0.6665528483308115,-0.518610080726135,0.04666493743590027,-0.21480810937377337,0.20692184183407844,0.4346566586666318,-0.30491464771758514,0.5883875110077605,0.3394816018857143,0.15754913534714543,0.0247914557309607,0.08315812702602579,0.1207313136801952,0.27963877822375344,0.5267615807891165,-0.5873889366888718,-0.5958592563690427,-0.35641706822496805,-0.570097784685346,-1.012586588561629,-0.44070953860518436,-0.8684712432498041,-1.060528446963125,-0.49913181280705005,-0.6052066777759213,-0.07592749778046745,-0.2230388989449679,-0.04026608748532976,0.0024342069587221485,-0.34315527261384443,-0.1251759427348885,-0.43085018385004886,-0.15811545976925986,-0.09399273741695904,-0.17172450420803662,-0.2729848178556917,-0.5631336501857185,-0.2040517258508286,-0.48998807296467434,-1.188226180624217,-0.4555145649941335,-0.847802184721087,-0.40816540724736866,-0.21616013711972176,-0.7706155465311021
photographer,-0.5687684719438836,-0.33254994376276015,-0.21014964568014816,0.11998375684428092,0.07416661679361979,0.12583745977438104,-0.1020482185146926,-0.1123159605019587,-0.15832018449644897,0.07496635164750728,0.15191723958226114,-0.05204829490371731,-0.1178852018536604,-0.6323929877525674,-0.498491408588796,0.6492650130020285,-0.27050634773378446,-0.19978012892826513,0.06307497090744585,0.11787901553925073,0.3329369410499582,0.32952119455416135,0.14323235918561825,0.5356506549391226,0.3775878117640348,0.28213514493012654,0.37748907104933566,0.46276824004095013,0.494169075456341,0.22441228573100627,0.5697216863127325,0.2304328845000169,0.34953472836159194,0.345926893542416,0.20879500472554238,0.24925321752114785,0.13926572012110755,-0.16683288186203268,-0.09917559788474879,0.32951705700516426,0.040108903392179845,0.2578424393679999,0.6694212420347209,0.4264049832985329,0.4474152215298247,0.32045280358459177,0.40567154747975775,0.5475063211136302,0.12648367066043661,0.04816586734757451,0.08550805158958769,0.1741205812523802,-0.02530063309465036,0.49322195833805915,0.07273969606526838,-0.045322020471620185,-0.337903192841031,-0.07222070147757807,-0.11309293861268252,-0.5852090726676096,0.12877747944649692
pilot,0.16291656383685485,0.3048831072276208,-0.09640472688546374,0.43462638652716307,0.7003263650948974,0.3565196687487603,0.6478181476571998,0.5234737413789456,0.5851287851597385,0.4866269393187473,1.018780489058575,0.33703920346456906,0.7130193016068405,0.44101560825153857,0.4019854507319028,0.47999406592142974,0.5157222100667527,0.8623028993373323,0.3642611432765074,0.3810807373907023,0.4418035509877703,0.22443628994265802,0.2074017431967101,0.1184695873864478,0.1583102452826823,0.2985682968415724,0.1626968727571337,-0.24144305479975206,-0.010576513481894239,-0.20202717355153282,-0.011867528201606827,0.34556585277271956,-0.14250115481533207,0.29797551512473713,0.3205135245949053,0.29323626882953946,0.30868599870905084,0.4841282819072795,0.41861670944542906,0.2832407557332187,0.48524049809247044,0.48987730185291845,-0.2018555665161144,0.3866348762428702,0.8954448076178175,0.5703135506835523,0.7482074127698971,0.7554212002932338,0.787440734249917,0.6055980868585876,0.4331651696812945,0.5211225440513705,1.2670177615683733,0.38176467428246763,1.092301172147595,0.940503685968034,0.9847496679771874,0.9476098577079176,0.70179570474497,1.1348788947771078,0.4967711110286093
policeman,-0.613869941173882,-0.9780464051085519,-0.660643250984173,-0.29591669531385595,-0.5356850225270952,-0.6094311029362696,-0.360482515615515,-0.24194798790846722,-0.8579027308545718,-0.6730671257949149,-0.6450343412392988,-0.9096254116183485,-0.9778566082306429,-0.8264379988381882,-1.2014583719719927,-0.8135124557920185,-0.7291487880450568,-0.3488918633760645,-1.0773753015942173,-0.7777691751156182,-0.625399014613596,-0.8723557171254499,-0.8194752959104911,-0.7035308140121916,-0.8463167053430839,-0.7836449582407018,-0.8730951562120348,-0.6667800574565821,-0.6201276961875023,-0.896167604043191,-1.0139092898900322,-0.8716199619371214,-0.6676583466058879,-0.8018328336395533,-0.9406551692052854,-1.0335626644804476,-1.1140690907502249,-1.042410890499722,-0.5983457917160911,-0.8792632879593834,-0.6293849786415519,-1.1230583142093216,-1.4057809839073772,-0.8604346809510698,-0.5865980383400811,-0.8695631655971601,-0.8767315012408488,-0.8577504182768662,-0.5243094162358041,-0.48651704059901024,-0.6775289645979963,-0.9171065930461637,-0.982973366436189,-1.1350984353097653,0.04350220433015912,-0.310976038799023,0.0872697481915594,-0.16189868804270374,-0.06203823942352427,-0.2809178136801563,-0.23527495241545332
politician,0.29341433710967146,0.3226094055625059,-0.19770679391407095,0.24596444590437125,0.6198541859979858,-0.1079615849661822,0.3686647114629679,0.3464017549422886,0.3531766991740867,0.4090714244169081,0.3857783200220773,-0.012852325366848329,0.3961449281380035,0.527023701244878,0.40925797907684736,-0.08927949653244115,0.2731855604549252,0.18306977073173372,0.5607547435215751,0.3544764516485116,0.36749625672363867,0.024123374671293815,-0.3881371785573044,-0.03635645525030735,-0.008602989112886322,-0.010218613715913132,0.3652686892049811,0.33679223271546593,0.4376599821805079,0.2010462511376203,0.3376872064614844,-0.21786372939744167,0.04117707960649759,-0.34119895422268487,0.5432694136316146,0.16719650630535826,0.0668244658640328,0.4174791342543206,0.5386331373173098,0.5978005564754966,0.8111886506662548,0.006148095156765409,-0.577556667544952,0.21539623312906608,0.5078592148266995,0.3501042011465251,0.30343680080760893,0.30120753540804046,0.6749912239560099,0.8445614718717892,0.6480880565839205,-0.28731416508209545,0.5421292748385814,-0.40932218967487405,0.1495735136723159,0.31799652618111074,0.9812995089394225,0.29385218471991725,0.5745088206052094,0.7483529753253962,0.3073959379597134
professor,-0.754352011639186,-0.5335379053708408,-0.06638436735293629,-0.544160801494672,-0.5694095909549325,-0.5901073799427891,-0.7391677109122686,-0.7501879699432814,-0.5783783411868343,0.01049589012194558,0.47270078594734627,-0.10314634613829671,-0.19178973548756428,-0.29104743185785237,-0.023065776636252984,-0.10099175833174963,-0.08213906872609694,-0.05393637165050309,-0.01844073063566807,0.012217049476793265,0.4316242399799765,0.019571057082520184,-1.0149073399427588,-0.03841899340713874,0.11136387872531767,-0.12416780416776094,-0.032529411349313926,-0.1875689233436834,0.16875999845610867,-0.4083356630072516,0.17478892555774006,-0.3237685052449242,-0.2597437094249564,-0.5266589687683857,0.0025696037131808977,-0.5623257056970942,0.04296302005086096,-0.17422427787276606,-0.32065911463367375,-0.1079492985486582,-0.27685700431604215,0.20749258859644518,0.1025665251481283,0.23069649644447107,0.5104919706143254,-0.033442033581124415,0.2142954081763923,0.08197230617055305,0.3785671837389306,0.4332360689319985,0.4258892565759289,-0.7261505539542935,-0.866026694280792,-0.9559316367468403,-0.41472054551691795,-0.9648447478571796,-0.6736217192487278,-0.9215315346136065,-0.7415748353304084,-0.06762423801614129,-0.9197583769975173
programmer,-0.15315011898105987,-0.33217959808143294,-0.802742870181678,-0.2563910754488476,-0.27273571431397087,0.0435988804703214,-0.31606174067901294,-0.30089498160152817,-0.4160290347733927,-0.47127452762452965,0.21551881004591886,0.387291837757179,0.3957101405603461,-0.42924761534391037,-0.3264021890755514,0.4481769672341901,0.18292330778628377,-0.35784147172953407,-0.14488730312276482,-0.22799963583739483,0.035124835275925505,0.15174028636346468,-0.10303567946523098,-0.10371534506953572,-0.27490114836529844,-0.18277283857603466,-0.18528899954965422,-0.31432690124062296,-0.34426301507971124,0.03186976544295599,-0.2615565220103469,0.12839902153003155,-0.053512090572046096,0.21183107484460587,-0.2623711864697266,-0.6674434920548326,-0.5369808587199912,-0.8647772174706124,-0.32659577926380207,-0.31549394359010036,-0.4613078658328507,0.21766884046163398,0.43780430096310935,-0.2784224673052907,-0.15800528112172713,-0.1275355583859228,-0.21866875318916973,-0.2186699510692052,-0.35323597652626537,-0.27161927324357893,-0.26716947537905705,0.18307583497739346,-0.11371051185874145,0.27244465120431316,0.22110318923774408,-0.24731472859353698,-0.25476364477026636,0.1058891852747723,-0.09204510438098532,0.16024853111447415,-0.28629767291817726
psychologist,-0.435237781807555,-0.747730944486781,-0.9618673155625228,-0.7877584403654497,-0.3159088713088252,-0.2393081526561831,-0.25075952479539154,-0.294996192443502,-0.6648577682398289,-0.8470125226070271,-0.5939469294088084,-0.3077181124258894,-0.4723907407426835,-0.6403507339158003,-0.8093547944235803,-0.3828919918193637,-0.5843973677525945,-0.4662831624380807,-0.6980410651950988,-0.6253649022157388,-0.08994748513472864,-0.11358442268438207,-0.1020573888590465,-0.41538588814140676,-0.44028086243022874,-0.5912845849933537,-0.40622079532340805,-0.2424420402072135,-0.4058624565641614,-0.41117702219065655,0.13855223034881156,0.05579623715743947,-0.5157454765294218,-0.31571138798773474,-0.5497672620358575,-1.2280102072345538,-0.8569456829984644,-1.0399655498095293,-0.6628362571719222,-0.5968409596762213,-0.7781923070843372,-0.7461709127940707,-0.14778085984570383,-0.3029993156844284,-0.48171269685722384,-0.6434312756203984,-0.3765888862327591,-0.664648511047029,-0.45516272385933465,-0.5153242796629361,-0.7455610930443323,0.1959556277328568,-0.40507369618466293,-0.1382950899188467,-0.07829658243160324,-0.7134855969400027,-0.5572442203139751,-0.6906012395704498,-0.7579674219642314,-0.09467493536874483,-0.5131573075599685
scientist,-1.0326120597170234,-1.0229543659110991,-0.11517446856823359,-0.6140780949653014,-0.8917955450229545,-0.7662426443737431,-1.0944682160795176,-0.9184051080150459,-1.1301189461543064,-1.0444115745111067,0.3045623347926336,-0.02560004995457129,-0.8226219907366557,-0.5609680401610992,-0.7731191056662009,-0.46406943564301467,-0.7986359242546534,-0.4266455746380705,-0.7604107536423866,-0.7534400503932336,0.42030868974231667,-0.3619641822680217,-0.763890671837029,-0.4530991371678158,-0.5700891704785502,-0.6667289644108497,-0.4030862023325826,-0.48459171863176115,-0.38901325627311845,-0.8030247270353938,-0.1773386884110367,-0.6068717269910636,-0.5437663343937945,-0.7510487978716744,-1.0121065663451674,-1.6104185639891404,-1.460081303544132,-1.7794246615494633,-1.2333916100170892,-1.3068747895344446,-1.2471796000528546,-0.9813294523708082,-1.39087933739946,-0.8622643614315989,-0.1520381251434828,-0.8749967018297518,-0.6575053638040828,-0.9043694694031851,-0.20521181615301584,-0.7248593946575066,-1.145004155428253,-0.8502437223554574,-1.1942050495131424,-1.145057738490049,-0.6634492753049893,-1.3489299716187326,-1.1260376920759405,-1.1437673352682338,-1.4435785713407516,0.13645352880913983,-1.0449444380819268
scholar,-0.014499823854052515,0.14477448062859846,1.3011761064546927,0.24930974432856645,0.03283920029536589,-0.3912420435147942,0.05745010754100972,0.07664560068746339,0.4326981837257622,0.2302959808852818,1.2449263618523723,0.5157770400689962,0.17317180788148617,0.5142382648350932,0.661039528350332,-0.04864497124082501,-0.16385040355159192,0.32666126544034096,0.5718157432026323,0.3499753516587074,-0.0318690770464962,-0.11436139098923886,-0.6790862977743154,-0.0890919990123068,-0.22362663261140944,-0.23176685255378493,-0.17356390657390525,-0.2849509149908538,0.32920243538925253,-0.2921290810994184,-0.10466510122782782,-0.8505800595648179,-0.6250892508422975,-0.7658241872382735,-0.6716852121912303,-0.7092887585927268,-0.7243581395578724,-0.9606929100463512,-0.6689868540633573,-0.6897850806197282,-0.6691260081637622,-0.26838463594300904,-0.5651665365183887,-0.359152832305138,0.028941984566160754,-0.7007945720790262,-0.430339443234681,-0.5150785384033013,0.05903987252450991,-0.193867864882682,-0.2527544962917019,-0.7056886823515185,-0.5414909230167847,-0.7928164894191103,0.05237965881665716,-0.5383230304809201,0.012748211930509658,-0.1059562086958964,-0.21135417439312257,0.317438097210168,-0.1969002132792485
secretary,-0.4947695226809224,-0.2331390935886064,-0.22960270838517072,-0.2689746801248016,-0.379237902112013,-0.2886254352135357,-0.2180978996569538,-0.26705406042294666,-0.3529664505865091,-0.3352834617471228,-0.059275472639987135,-0.22683669410821966,-0.19048994425830879,-0.45379343511697534,-0.45989405421085533,-0.27438601217443515,-0.25933661060300645,-0.06433280448242379,-0.4035756271511266,-0.4142752631952437,-0.19676629941873405,-0.43068545612402825,-0.3380164440862667,-0.21402861402933554,-0.294570436249691,-0.33187127404879824,-0.582156732829308,-0.4541618801522019,-0.4286013018928099,-0.32498383337591075,-0.385418927550577,-0.32161811088416603,-0.2620977139997972,-0.4729412953380731,-0.27473518402121594,-0.5619016764340448,-0.31357471931566977,-0.4582952420468914,-0.2034865490697713,-0.25191601344667275,-0.15130726379263554,-0.30391083122988644,-0.14346330030066057,-0.37102293646843937,-0.12384344756650492,-0.3280693815964101,-0.23895018754441932,-0.2622571721760865,-0.31311221285297813,-0.2641678954545339,-0.2483336343339715,-0.3570523623427583,-0.33250378171910755,-0.32974296555225835,0.18020359750430248,-0.08150952295047141,-0.0940860068825014,-0.03927630367379979,0.054788714006921195,-0.11690221877785312,-0.010935571336442448
server,-1.0266100735602075,-0.5915110605137288,-0.5035232108019542,-0.9752233205439577,-1.1219863973439073,-0.6856433632147009,-1.0335783705355723,-1.077594596164916,-1.0827596172643028,-1.0559352777663586,-0.4354771917462485,-0.5676136044837125,-0.3392233019862527,-1.204176132120147,-1.2189392816937843,-0.25952932312232835,-0.4202199377190194,-1.1757708807664073,-1.0205987294689423,-0.7133233283518909,-0.5643874629259666,-0.6663055823522256,-1.0060671429456733,-0.7907445618884512,-0.4847614215264211,-0.48365061109718605,-0.7805430834573354,-0.9204645728118162,-1.029374482581169,-0.6729450539182592,-0.7368637936622544,-0.5539856557023485,-0.3684389588661885,-0.7671075493979859,-0.5894307874529624,-1.3951285973225023,-0.8169776041316741,-0.8827192422859296,-0.6307252645727524,-0.9025870698283502,-0.8007582611081939,-0.38350857935219246,-0.629440295861559,-0.8137677075146302,-0.6447291762215014,-0.8478132368607135,-0.6989116043533964,-0.69273231664546,-0.8181407728237382,-1.1403820189304,-0.8901431910920969,-0.69811931786029,-0.8752879601149043,-0.8123536325103163,-0.49583492306280696,-0.6560871054913868,-0.6191360100292811,-0.6036904479450369,-0.3983309547330649,-0.4762297158568781,-0.6755334815610229
singer,1.0484301256421762,0.63643404117096,0.36913125611474407,0.6761120668466282,0.6164255296741393,0.42603433462963436,0.3944161088692656,0.40153024663375875,0.8432814711490391,0.9515055389911443,-0.06783942246401164,0.49686006951816014,0.8180292820039177,0.8615085895101897,0.8202309739447033,0.46671678040093845,0.6627091509380295,0.3366987833879795,0.9741168458264088,0.8735820913501197,0.3727587877062237,0.5936370778665812,0.17978739195289037,0.5514024833239219,0.5568180474121942,0.8197508184298247,0.8601781455793965,0.8957121405010832,0.5868375252096905,0.5724846226366755,0.4792891522549323,0.037825482273450776,0.6342704731954416,0.18393198147428816,0.5326840533530613,0.6479246462055522,1.023924754330536,0.7760221846853239,0.3213189473478293,0.5254376045198321,0.5864659727477824,0.694528289768403,0.013334747490288752,0.585459086410188,0.7111257487887428,0.6469104680327041,0.6312283576696909,0.545291149521273,0.6158938413061924,0.5284110785511694,0.6122273983855212,0.27072457706332675,0.39715566448221484,0.021020601034124058,-0.16007723042488364,0.31451704836009475,0.360005959181348,0.12266305122841502,0.0688191799317909,-0.06739832695377286,0.35622202870992326
soldier,-0.6436279871311414,-0.8981040329189461,-0.34513515001270606,-0.32071438292695825,-0.6140965083092376,-0.973787599041149,-0.537776259065962,-0.4881463958417003,-0.48501201398561133,-0.5112558846277027,-0.4691546329042184,-0.8144627534921158,-1.305391571380523,-0.23385493311022254,-1.2843702083751614,-0.8249860264781617,-0.8364190250211054,1.8489173189830646,-0.857909282889007,-0.6319237223618223,-0.08787433742248099,-0.3122644082092504,-0.6320617700430144,-0.4096497253708351,-0.7767335896276544,-0.5442398675368852,-0.33298673420124114,-0.7353141418755252,-0.7703216214305417,-0.8388475167993584,-0.64224100158344,-0.6317557707138716,-0.6278612518472123,-0.8942965765512747,-0.9319905725294106,-1.0386185898701428,-1.1056397115171712,-1.0176620997443035,-0.7027819304300275,-0.9999406937063335,-0.8988977017220946,-1.3112256863371872,-1.5739468790257705,-0.8892621694485179,-0.8303323791306653,-1.0062276510709052,-1.056573152191947,-1.123127302262335,-0.6588477473791483,-0.6914505359370346,-0.9696664499265946,-0.8368124013713631,-0.9678850003829897,-1.5383552810703858,-0.8762458086021523,-0.9091057575492982,-0.48092745317834207,-0.963104504441632,-1.0947366092342898,-0.16724647455648115,-0.937269810735413
surgeon,-0.40811523563527496,-0.2533252838315643,-0.30031886583559225,0.12768469430741075,0.08898198781335967,0.09220503424742699,0.18832901554793371,0.19810439302793667,-0.41346002067787,-0.24503844243978815,0.2505647535475577,0.13989684359154425,-0.47923099183372797,-0.263089660227921,0.1338747647477061,-0.2694348074208799,-0.11620079110247908,0.6935757563397158,-0.5328506714670445,-0.2071484248774112,0.19448876685572417,-0.3346425414826983,0.009536102020489077,0.12351568048232771,0.09754898023382932,-0.3426418563529863,-0.14698330271041515,-0.9034834653968364,-0.21007461024063878,-0.40024316412701266,0.031038757450411604,0.22319020602129686,-0.7156723507441319,-0.18666173225522986,-0.17266204712786629,0.4668484400820328,-0.2795809414994368,0.26220623024558154,-0.04656212217440272,-0.120292663686736,-0.1755310373383726,-0.36048011704665905,0.17952434874716308,-0.09250370034813617,0.03476543800447888,-0.05685396027727077,0.08933333052518182,0.10012512814949516,-0.06972569252981185,-0.20220108732518582,-0.2682452109460054,-0.019918985374185325,-0.26749067448119634,-0.22764798701439218,0.15834949845904706,-0.054027100729725726,0.0409861288657632,-0.251876432192816,-0.4575053405311374,-0.008559718060286383,-0.2533664501657763
teacher,0.21546077210119105,0.06444355937384359,0.06315994009433545,0.036171739127063,0.1741532987911689,0.17645367078600394,0.3096258586271267,0.321531564211145,0.13821013383618178,0.09417412072595671,0.13512170079489494,0.04702563775004587,0.1409124503447265,0.2563368377942246,0.38579064638391897,0.004962998776455393,0.024398462122588997,0.05352701160273727,0.20153125912082684,0.1251579381168315,0.14670794836042128,0.1550554588852656,0.07462781182876013,-0.04666364257176351,-0.1367534083635095,-0.1495748478449675,0.3261944970589287,0.129492884639183,0.06201105551802426,-0.06769664244898162,-0.012851358091598103,-0.08777952518244915,-0.22324124183586866,0.25556827604865434,0.015674198222428045,0.11724165572380969,-0.03282681252429176,-0.06404789494942126,0.0982260515105841,-0.015567268800567979,-0.053536715036639176,0.03812610589798822,0.1954575590147874,0.05257992894963091,0.2035057479923789,-0.030897197010814056,0.07103669895618983,0.07246238517971816,0.24829297908617803,0.21983499604558132,0.12160484262131685,0.12846289873199124,0.428464694011407,0.30178458187613266,0.0767641350456837,0.25511190480012635,0.1709651495423367,0.20883347361209212,0.27256567578655905,0.4090020264287007,0.14757138560188343
therapist,-1.0300781668349828,-0.5800393137039723,-0.8172109590765317,-1.0765010405922053,-0.7881667411945654,-0.285427523100783,-0.9093951495407658,-0.8905584706569509,-0.9774796833718985,-0.9856336053442816,-0.4435885227063624,-0.7637151122332194,-0.7955868112277749,-1.328760968989607,-1.0466626199586087,-0.14693730195212254,-0.8486331523772606,-0.2640950302411385,-0.9255016830363573,-0.6033512303436042,-0.20988553159452047,-0.4196030373877917,0.09780622844793503,-0.4778778490670466,-0.13867672098290246,-0.48876070867113275,-0.6578101633331216,-0.8592024314132517,-0.6304055456202732,-0.4581243036582446,-0.23684827138076073,0.12282491447695898,-0.6584893958016738,-0.48735010436585463,-0.6588664172815248,-0.7933129986818598,-0.5965241493101671,-0.7348829612089589,-0.7115649734638959,-0.44930798594877963,-0.852159171903692,-0.6588403253086382,0.433079370165329,-0.5183396361948782,-0.9303545234980071,-0.7973292825761646,-0.6113774045795974,-0.7736505438402803,-1.0493794045295022,-1.0189923424707024,-0.9387768480499232,0.03042773870766262,-0.5380304655317852,0.0251243986830052,-0.6163009394387312,-0.6613318059830532,-0.7250090105624525,-0.7535425936510469,-0.9047520938423901,-0.4064808642528602,-0.5009476793719241
translator,0.3211283004078683,1.1385904362373183,0.7516456972511237,0.847713705267281,0.6277238475106388,0.12533455611029184,0.43937381318501845,0.4742871100688479,1.0809621062953554,1.1406600193237257,1.3356706924710728,0.28304649625578676,0.7296417926663746,0.4943073466670048,0.1960582519272427,0.7820398142727983,0.31116645642714424,1.4316067853192742,1.15894987424403,0.994997982727174,1.1178765661142573,0.9354753652133544,0.016213061282037686,0.832203241644168,0.5314362070028632,0.7333769285556246,1.3038115583564513,1.137760486794499,1.4472750769019236,0.6358768211652726,0.6981853851426894,0.256575446409976,0.4997974047022249,0.3058142026666505,0.6806801491237229,0.6373763799108146,0.6485142075960193,-0.068969419615627,0.253046138030808,0.6234549370722975,0.4746758883067331,0.4913011968301083,-0.05504654260998974,0.4194977087744715,0.5419104344286187,0.5241498901096228,0.5977952828957447,0.5976480630832828,0.6788624736986714,0.4334152380574919,0.3671211335051304,-0.02024203126081605,0.6337637610550263,-0.12907955141752384,0.3829662981842129,0.299577946325345,0.5561065032886441,0.52147345621235,0.2548735354568966,0.7277722313189933,0.4860915498501999
waiter,-1.0832657292146508,-0.32818903838879393,-0.2600288916373792,-0.42553827455585,-0.9869609188403007,-0.27014406911364747,-0.8774865295210282,-0.9567565046517519,-0.9079672444837013,-0.3847024358161985,-0.466402177130449,-0.7968261053911615,-0.4323460393932372,-1.2405721910481944,-1.3359358327072437,-0.4977409691336581,-0.5469520531146936,-0.5180454051613146,-1.0454039612307944,-0.5885847698675973,-0.628496701452478,-0.41080790907239734,-0.545934348071854,-0.1387023320407546,-0.16912940284064365,-0.16302710516156507,-0.9831967495911272,-0.7596561374313958,-0.6565415799472947,-0.3414308040847332,-0.07664039788865888,-0.4516237967325091,-0.019541546129128895,-0.46725656800249527,-0.5007323978749753,-0.6837293522966846,-0.27492040799278106,-0.41808896370763954,-0.36228251605016043,-0.6057806702454207,-0.6346829331657885,-0.3054513210263297,-0.5697137898748952,-0.37511039836942417,-0.33679303481947115,-0.45590932385231925,-0.2884150307737561,-0.39971364662844894,-0.4578596173640269,-0.4851176746898124,-0.23667198558630337,-0.4958498016251251,-0.5975126414457567,-0.604505466821197,-0.42856021915326004,-0.28079441688223183,-0.47553158151211233,-0.4801800345833601,-0.12223712028015857,-0.38449914715593214,-0.4444576314644407
waitress,-1.1004639268812753,-0.7604565951960134,-0.8917608387450753,-0.9317249628186861,-1.3175283177892205,-0.7199438190007861,-1.2041095021366686,-1.2231107663778675,-1.2685414903667784,-0.9445873302831669,-1.0089081998518912,-1.1293095516501066,-0.7570649530962013,-1.475304339138187,-1.7551582714672884,-0.6623008692762983,-0.542776924691148,-0.48480910066922567,-1.4643937465392958,-1.0041985427558775,-1.0054270938428065,-0.8147614967609274,-0.9814099105185682,-0.7015164194700784,-0.5733395737771169,-0.504059888450471,-1.1278109437192034,-0.999062531755062,-1.0701514208155636,-0.7487072858346272,-0.7813686298347109,-0.37065594694160703,0.26868346820096334,-0.6466566890555905,-0.20282885080598914,-0.9987694706172986,-0.2814011882822154,-0.09243807602722597,-0.1516124653633771,-0.4602810905749441,-0.40633443398050745,-0.6197141032760616,-0.009459703923706151,-0.5017300019664346,-0.5158833126326533,-0.34246396169782034,-0.3703728610089136,-0.45951449494688634,-0.49973772766187163,-0.4938747480303614,-0.27584246496103976,-0.7123478902910627,-0.7721104647497508,-0.8049469768615737,-0.4263943670136295,-0.4183500331817383,-0.8029374588855354,-0.6177753640939244,-0.41330131213137644,-0.5218265694494496,-0.6414634908559823
warrior,-1.0826877777732136,-1.0874702161813408,0.7110459434808456,-0.763903936335177,-1.1141648257152799,-1.7613701651092797,-1.1540348765057584,-0.9576832013778526,-0.8366799698685533,-1.1872205997322518,-0.5858607046556876,-0.7428978014633169,-1.7951060579440195,-0.8831839009169801,-1.3725673218823955,-0.9471715385382549,-1.8436341776923035,0.1936789322683045,-1.3591300026371538,-1.3477503972094138,-0.8810816916333369,-1.5174350804162993,-1.7099631206319552,-1.192107182161377,-1.397810355728946,-1.195668569669288,-0.9712495303344935,-1.5106704815579697,-0.9897012946213946,-2.1196964413028945,-2.04029188021686,-1.8969311130193216,-1.2764641882355932,-1.835708585612473,-2.070811866772252,-1.6701331214557291,-2.1193606201595894,-2.0552652404943172,-1.84596380702446,-2.0241335332122246,-1.7722885317973311,-1.7527583828183613,-2.6215623636065084,-1.9262787877535332,-1.1146804146119782,-1.7927472838712433,-1.9009098915046427,-1.7288577590134373,-1.4255178603847496,-1.8872605304460028,-2.1670800299117365,-1.666449294932344,-1.3294595759175434,-1.7997568898791174,-0.9271382036246758,-1.0602953598457971,-0.4706438386412395,-0.403062533461203,-0.7228636229739032,-0.32467173275370026,-0.4720906737094848
writer,0.06331061418830812,0.05693423811303351,0.05955978386734326,0.05859746538065414,0.26503638089728915,0.35678489037408806,0.14252105539822021,0.08266692785001542,0.24506816939731255,0.5750565177113437,0.1443003219544248,0.3936374523486731,0.23893519359597576,0.15018799562416763,0.440831465108011,0.0022586377108937436,0.063927583265441,0.00929648698538562,0.47626855108525507,0.2632187133279161,0.5104511266193792,0.5037125565678511,0.3875513650602712,0.7314973512663192,0.33642535426061954,0.5170899367086492,0.6295998470897608,0.4796612239928309,0.7013974587512586,0.5518172566650782,0.6341396362443107,0.16010049765401305,0.03287542300627518,0.34394762651457367,0.37796210670561914,-0.07458174066015898,0.39926491504145456,-0.16769607563055772,-0.11513279520404521,0.4731317139728709,0.25543599987518956,0.44868808504707475,0.7137761405330181,0.41562983045457597,0.3966957351052858,0.3840316047666654,0.38886555332334133,0.32947363336487223,0.25430625656015865,0.4564574183772936,0.42077462933986165,0.26958250698879227,0.09730541170565889,0.2334653660699426,0.10222209019081709,-0.21916177966680275,-0.07463715477227613,-0.29083227796070543,-0.15523144181817639,-0.09335214560256257,-0.31689929201377004
