,beverage,country,direct_correlation,indirect_correlation,same_correlation
0,water,Nigeria,-1.583472415352685,-0.09587253014045097,True
1,water,Ethiopia,0.059207259991592764,0.014149664353045219,True
2,water,Egypt,0.5701939142922063,0.26851195691293034,True
3,water,Congo,-0.05032554408164831,-0.0043798732939585965,True
4,water,Tanzania,0.5285827089016037,0.0009009362562231387,True
5,water,Kenya,-0.30052521188254105,0.1461238232551208,False
6,water,Uganda,-0.5375267232875566,-0.009441986946148407,True
7,water,Sudan,0.2706888041989821,0.10159094417586344,True
8,water,Algeria,-0.08936396385442315,-0.24979676422904695,True
9,water,China,0.7259872242200758,0.2296590676821081,True
10,water,India,0.6744936146647919,0.12458555828183865,True
11,water,Indonesia,0.6340699935360868,-0.017221181119144256,False
12,water,Pakistan,-0.17500921257967994,0.055948159969350084,False
13,water,Bangladesh,0.016073247621255476,-0.11998229332862966,False
14,water,Japan,-0.5103060506412268,0.11837267724998883,False
15,water,Philippines,-0.4238915233994233,-0.14717226404344838,True
16,water,Vietnam,-0.6167251276164132,0.0772666580468382,False
17,water,Iran,-0.3551424525353063,0.09045649443420832,False
18,water,Turkey,-0.5736075116164049,0.04969676596043799,False
19,water,Russia,-1.5196134002412256,0.05661617844027241,False
20,water,Germany,-1.5760380593092136,0.06564248814978549,False
21,water,France,-1.4357781602163104,-0.08977457269351068,True
22,water,Italy,-1.273238249945491,-0.08718723881952242,True
23,water,Spain,-1.3646551202477175,-0.01437339584814615,True
24,water,Ukraine,-1.4577555262934119,-0.012610010935133096,True
25,water,Poland,-1.5725198596557135,0.042863915520446286,False
26,water,Romania,-1.2120766440123312,-0.11912093772134108,True
27,water,Netherlands,-0.9640228673128682,-0.10605538540127574,True
28,water,Austria,-1.8026639866088447,-0.06795018163856899,True
29,water,Mexico,-0.4079143012137146,-0.005390236295580089,True
30,water,Canada,-0.3757266330251804,0.06189746973256189,False
31,water,Guatemala,-0.101640218929459,-0.10848343611178496,True
32,water,Haiti,-1.2323081283442088,-0.06534954235006983,True
33,water,Cuba,-1.0550144110129909,0.04391730961384896,False
34,water,Honduras,-0.8683922854633404,-0.026925510015718145,True
35,water,Nicaragua,-0.9319460420002592,-0.16630462828700146,True
36,water,Brazil,-0.09181865572166902,-0.05909996513888725,True
37,water,Columbia,-0.9452410567866384,-0.005791276895570913,True
38,water,Argentina,-0.9723614288030332,-0.039532809131479024,True
39,water,Peru,0.08118909523543806,-0.04103772031175811,False
40,water,Venezuela,-0.7128286784640475,-0.1508660559652868,True
41,water,Chile,-0.2920835033301164,-0.12577647472281134,True
42,water,Ecuador,-0.3486570407008491,-0.1682098886158393,True
43,water,Bolivia,0.07629432104973415,-0.058984392979440185,False
44,water,Paraguay,-0.4959144553670304,-0.15714084962856056,True
45,water,Uruguay,-1.2926084099676542,-0.17123720607759788,True
46,water,Australia,0.1939676586202027,0.07960457485737968,True
47,water,Fiji,-0.07674718793189615,-0.08421410062398116,True
48,water,Samoa,-1.441106050717211,-0.08919331517845504,True
49,water,Tonga,-1.6109593387504488,-0.1496129556597228,True
50,coffee,Nigeria,-0.11956075806699007,0.03855527864929855,False
51,coffee,Ethiopia,0.8117120855868271,-0.08880709813684362,False
52,coffee,Egypt,0.3778477195898775,0.023320836863887247,True
53,coffee,Congo,0.4147099987215465,0.03362780324798813,True
54,coffee,Tanzania,1.129528068796107,0.028414057149189764,True
55,coffee,Kenya,1.0623226196935245,0.13432378479750362,True
56,coffee,Uganda,0.517980329527447,0.013861272383406582,True
57,coffee,Sudan,0.4131096550004626,0.02181555486646625,True
58,coffee,Algeria,0.2928800462072124,-0.11445297370150585,False
59,coffee,China,-0.012300871897135631,0.004495533469378279,False
60,coffee,India,1.1031014688640208,-0.0452243625913509,False
61,coffee,Indonesia,1.9930970789607099,0.002240116628132518,True
62,coffee,Pakistan,0.8472846647903581,0.01475068655743833,True
63,coffee,Bangladesh,1.0495854084990377,-0.07339155498190203,False
64,coffee,Japan,0.08605761854869681,0.06367393231182371,True
65,coffee,Philippines,1.0579867249845465,-0.0004088964423476117,False
66,coffee,Vietnam,1.660707686980041,0.1805085325010897,True
67,coffee,Iran,0.10917100863208576,-0.048140361517295366,False
68,coffee,Turkey,0.6596538277614743,-0.05672246823000325,False
69,coffee,Russia,-1.2490330110651904,-0.08082721372820903,True
70,coffee,Germany,-0.2110601164502583,0.11570163407392513,False
71,coffee,France,0.22292888732338328,-0.019407439757673384,False
72,coffee,Italy,0.049657077345265234,-0.032302664530621424,False
73,coffee,Spain,0.07131093031897713,0.07978710989589065,True
74,coffee,Ukraine,-0.968636302121251,-0.036772433276879166,True
75,coffee,Poland,-0.6199698562336269,0.14598641775728427,False
76,coffee,Romania,-0.11028733098289152,-0.07328652335335423,True
77,coffee,Netherlands,0.7101488537682307,0.09882525327155584,True
78,coffee,Austria,0.01097032778429243,0.009277885403528564,True
79,coffee,Mexico,0.8215444744455291,0.11680230728049396,True
80,coffee,Canada,0.28280040032896697,0.14721233546729848,True
81,coffee,Guatemala,1.6185846076112504,0.09761185376258276,True
82,coffee,Haiti,0.5002317121016716,0.08062973565340859,True
83,coffee,Cuba,1.140498457993138,0.2326284054590037,True
84,coffee,Honduras,2.276322821114512,0.1690017137023994,True
85,coffee,Nicaragua,1.6981760418633869,0.08761842737714093,True
86,coffee,Brazil,1.6121341924866113,0.03865836824947718,True
87,coffee,Columbia,1.4192658987629956,0.1984512115610883,True
88,coffee,Argentina,1.3987914237511527,0.15467329397527385,True
89,coffee,Peru,1.1228754706668702,0.017042540604293936,True
90,coffee,Venezuela,0.2759305344798665,0.016414278435702454,True
91,coffee,Chile,1.7534292250532901,0.09538926808571373,True
92,coffee,Ecuador,1.7222516605715672,0.09353647856188953,True
93,coffee,Bolivia,1.504982875643686,0.011660036175602156,True
94,coffee,Paraguay,0.13689196996125866,0.07799153811032634,True
95,coffee,Uruguay,1.3155701878717962,0.13766990202440932,True
96,coffee,Australia,1.0775827940462723,0.033988415093397194,True
97,coffee,Fiji,-0.16532144457548062,-0.07989910600420128,True
98,coffee,Samoa,0.5104116109169958,0.02700273394239823,True
99,coffee,Tonga,-1.140299713975358,-0.06720314634284581,True
100,tea,Nigeria,-2.388049078385307,-0.033056742247208566,True
101,tea,Ethiopia,-1.144924570564548,0.015778228830268533,False
102,tea,Egypt,-0.7171642614474342,0.19110956420572486,False
103,tea,Congo,-1.1577276782499066,0.09638318737648616,False
104,tea,Tanzania,0.5666775510734015,0.10492106320031633,True
105,tea,Kenya,0.1085624260323149,0.1727215812187371,True
106,tea,Uganda,-0.5472361810870933,0.025378016622896224,False
107,tea,Sudan,-0.464776796825455,0.13054488857368826,False
108,tea,Algeria,-1.958035296316864,-0.13954084063081382,True
109,tea,China,1.767014845318008,0.2649771587182379,True
110,tea,India,1.863240014342804,0.17802513365030245,True
111,tea,Indonesia,0.3272164351037312,0.07132778475935475,True
112,tea,Pakistan,0.8033875941257888,0.10648860067876624,True
113,tea,Bangladesh,1.25907408348882,0.016296192415924768,True
114,tea,Japan,0.9172005363884056,0.18489009875407006,True
115,tea,Philippines,0.19140630978773213,-0.005724727392824956,False
116,tea,Vietnam,0.2418043849055389,0.13675195755484096,True
117,tea,Iran,-0.1861705050729852,0.08835647403717055,False
118,tea,Turkey,-1.161785053061916,0.02483613009929884,False
119,tea,Russia,-1.620433062298945,0.03248391343573215,False
120,tea,Germany,-1.1621426590773245,0.1049210295302058,False
121,tea,France,-0.5865452965390828,0.012317862080911374,False
122,tea,Italy,-1.50833368517707,-0.05623382642261536,True
123,tea,Spain,-1.6122435967109807,0.027473361814897058,False
124,tea,Ukraine,-2.0128518790077083,0.002715580217016577,False
125,tea,Poland,-1.6132808474806544,0.04504799711558827,False
126,tea,Romania,-2.303701618645799,-0.0883033401875952,True
127,tea,Netherlands,0.032386872300059086,0.061337951562085574,True
128,tea,Austria,-0.9283439333677428,0.022100638087398015,False
129,tea,Mexico,-1.356490795993519,0.039298901255486365,False
130,tea,Canada,0.06777495268688136,0.15627641123108138,True
131,tea,Guatemala,-0.9308587585676372,-0.08310189980851708,True
132,tea,Haiti,-1.9718630476731283,-0.07512097801438349,True
133,tea,Cuba,-1.3053077098688055,0.04951873437137059,False
134,tea,Honduras,-1.0337933425142516,0.010930664409950726,False
135,tea,Nicaragua,-0.8803214393064682,-0.1184819894333721,True
136,tea,Brazil,-1.5270381144551566,-0.0067983287811768395,True
137,tea,Columbia,0.11506488550765423,0.08513035606268635,True
138,tea,Argentina,-1.964475351450512,0.0036024119695021147,False
139,tea,Peru,-0.33881481006398123,-0.004862980575367611,True
140,tea,Venezuela,-1.6362093718426531,-0.1017090418586772,True
141,tea,Chile,-1.210258892789748,-0.07019731566225218,True
142,tea,Ecuador,-0.5588282051198975,-0.07357917681961934,True
143,tea,Bolivia,-1.0849189146120202,-0.007916184351637674,True
144,tea,Paraguay,-1.2454115275081616,-0.08592240170538662,True
145,tea,Uruguay,-1.9149370147979012,-0.09709284899789936,True
146,tea,Australia,0.3618864957252039,0.18239702851041398,True
147,tea,Fiji,-0.42956837474174253,-0.028266113540843383,True
148,tea,Samoa,-1.3793459479021788,-0.027407370080752724,True
149,tea,Tonga,-1.0614891466622118,-0.05689684894087407,True
150,juice,Nigeria,0.3779722109683253,0.05538961347732994,True
151,juice,Ethiopia,0.3937394473849065,-0.07604305398734022,False
152,juice,Egypt,-0.670355459164867,0.013633407774066316,False
153,juice,Congo,0.7343351826045996,0.009282820336285693,True
154,juice,Tanzania,2.204526717297271,0.08844202845918288,True
155,juice,Kenya,1.7196884901935712,0.20013382636066387,True
156,juice,Uganda,1.3670916402993292,0.06419664562720978,True
157,juice,Sudan,0.31002931846080395,0.07326429937696814,True
158,juice,Algeria,-1.0456364053644245,-0.20338742678428864,True
159,juice,China,0.9955018906299712,0.0821532051724158,True
160,juice,India,1.352323770071184,-0.042087280093742005,False
161,juice,Indonesia,1.4946082045227806,-0.05455417119014435,False
162,juice,Pakistan,0.5729393518582575,-0.04871252595746695,False
163,juice,Bangladesh,0.6037236866933339,-0.15293716168689395,False
164,juice,Japan,0.5210697114246662,0.07470519702889206,True
165,juice,Philippines,1.8063727217831171,-0.058363159245228835,False
166,juice,Vietnam,0.5128592463536633,0.09955420082468984,True
167,juice,Iran,-1.3061342350284453,-0.10249445268158587,True
168,juice,Turkey,-0.5672892659102696,-0.14384832027396965,True
169,juice,Russia,-1.6268768877513369,-0.14195870334054253,True
170,juice,Germany,-1.0091519405795937,-0.0320710888756391,True
171,juice,France,-0.8926607884322089,-0.13318261302779355,True
172,juice,Italy,-1.0131343461011322,-0.18593946943098355,True
173,juice,Spain,-0.4056540827744948,-0.015524007059684916,True
174,juice,Ukraine,-0.2007802584342235,-0.071892368242845,True
175,juice,Poland,-1.1094666379651985,-0.05030043531507395,True
176,juice,Romania,-0.10607352495659783,-0.16139806373360424,True
177,juice,Netherlands,0.3540955689150836,-0.0075447986036955095,False
178,juice,Austria,-1.5606214714198123,-0.16961028329289504,True
179,juice,Mexico,0.7483051381090409,0.026441448318581532,True
180,juice,Canada,0.2227221070804143,0.041588897502783384,True
181,juice,Guatemala,1.0229487543444438,-0.0012209334391980336,False
182,juice,Haiti,0.4494878771038705,0.056272248978409566,True
183,juice,Cuba,0.08929780505077088,0.1226060392083072,True
184,juice,Honduras,1.6578327339675412,0.11586690491873335,True
185,juice,Nicaragua,0.6942279422398246,-0.013740074115528498,False
186,juice,Brazil,1.6007041102069852,0.011067417582217551,True
187,juice,Columbia,0.08840706149487837,0.14948432485092086,True
188,juice,Argentina,1.0542365981049442,0.05973598502151081,True
189,juice,Peru,0.9369292173277324,-0.018158999899016474,False
190,juice,Venezuela,1.0502723283361974,0.04535372530768828,True
191,juice,Chile,1.6726369028724613,0.04854110084301118,True
192,juice,Ecuador,1.720182690567723,0.04795197539283076,True
193,juice,Bolivia,1.1714005638820912,-0.026747676424287117,False
194,juice,Paraguay,1.1067187241616774,0.037206764070672346,True
195,juice,Uruguay,0.7921299600240278,0.0399275679424696,True
196,juice,Australia,0.7305356237589291,-0.017192314480617178,False
197,juice,Fiji,1.8890361388746293,0.029144811731572726,True
198,juice,Samoa,0.5943851941984798,-0.0023439020628799557,False
199,juice,Tonga,-0.0920818365543748,-0.008880965786123863,True
200,milk,Nigeria,-0.7482446482323775,-0.11575585940705375,True
201,milk,Ethiopia,0.9814946106667892,0.003205162998468513,True
202,milk,Egypt,0.760257834169696,0.2298079665642493,True
203,milk,Congo,0.6065703731704327,0.051649876035439794,True
204,milk,Tanzania,0.9033317821439352,-0.010015732469772406,False
205,milk,Kenya,0.917076267388638,0.12868288925801238,True
206,milk,Uganda,0.6968375265403051,-0.030137025829510763,False
207,milk,Sudan,0.9290459710839212,0.054975342769441805,True
208,milk,Algeria,-0.1834953904732904,-0.20252295555130412,True
209,milk,China,0.6384557884982119,0.1995377183129242,True
210,milk,India,0.6093778371292435,0.1122883088135336,True
211,milk,Indonesia,-0.0307951852228552,-0.03022308781610092,True
212,milk,Pakistan,-0.5629139420297932,0.02736204919471508,False
213,milk,Bangladesh,0.5858800405061769,-0.08342159902653606,False
214,milk,Japan,0.7004445480021108,0.1601988212639565,True
215,milk,Philippines,0.18973545536411765,-0.0971030103311078,False
216,milk,Vietnam,0.12810502210575586,0.14006493074117007,True
217,milk,Iran,-0.25218708704381115,0.06462639773522702,False
218,milk,Turkey,-0.08228756942132094,0.04212339959380694,False
219,milk,Russia,-0.012706023016644646,0.06228976911863857,False
220,milk,Germany,-0.3942712879946473,0.1499546064395564,False
221,milk,France,0.238946643098398,0.03928890684261992,True
222,milk,Italy,-0.21965271522855806,-0.01174815999016671,True
223,milk,Spain,-0.8739749217429362,0.025787463953655592,False
224,milk,Ukraine,0.868030253344145,0.04542066398804765,True
225,milk,Poland,0.5396415744952946,0.14177688780495742,True
226,milk,Romania,0.7457139432427099,-0.0246713764976542,False
227,milk,Netherlands,0.20098914319227085,-0.023481406488430098,False
228,milk,Austria,0.3359305962216072,0.05884468112065135,True
229,milk,Mexico,-0.08835347211747382,0.01697848573735755,False
230,milk,Canada,0.268667144281523,0.13549419087356168,True
231,milk,Guatemala,-0.602549365957457,-0.09193281740636708,True
232,milk,Haiti,-0.9591401900833486,-0.036263123090803435,True
233,milk,Cuba,-1.1223782530304929,0.07518539404906663,False
234,milk,Honduras,-0.5925195830208378,-0.007704123891887308,True
235,milk,Nicaragua,-0.3631670665068184,-0.17235859806001502,True
236,milk,Brazil,0.03736887944326656,-0.040548570144485464,False
237,milk,Columbia,-1.0021900332840363,0.03125557572266815,False
238,milk,Argentina,0.3062990521297376,0.027299198268536308,True
239,milk,Peru,-0.2377596363394593,-0.028440977732929237,True
240,milk,Venezuela,-0.2395784448195818,-0.1406310900944539,True
241,milk,Chile,-0.1640501742927832,-0.09188660604350504,True
242,milk,Ecuador,-0.6609551966356169,-0.1519814309303999,True
243,milk,Bolivia,0.2911791721042496,-0.020216170337048343,False
244,milk,Paraguay,-0.08262366818714363,-0.12480201236770072,True
245,milk,Uruguay,-0.03226319179476413,-0.10821580720647472,True
246,milk,Australia,0.06698238683518701,0.12283353062149807,True
247,milk,Fiji,0.2252146564095107,-0.05550270130800461,False
248,milk,Samoa,-0.11362144224919135,-0.03251990618864838,True
249,milk,Tonga,-0.5150500535659357,-0.10893773283409032,True
250,soda,Nigeria,-0.3876733060731113,0.18516161086060365,False
251,soda,Ethiopia,-1.9060043131850184,-0.15524888713981785,True
252,soda,Egypt,-2.1726186900045983,-0.2389571676830716,True
253,soda,Congo,-1.7063862284814941,-0.16590397518568567,True
254,soda,Tanzania,-0.9687383993132764,0.06838558684228019,False
255,soda,Kenya,-0.6690448986414999,0.17288496508204124,False
256,soda,Uganda,-0.2938383629665771,0.10249011117755784,False
257,soda,Sudan,-1.95846505570683,0.024706436457833797,False
258,soda,Algeria,-2.4270719592656067,-0.10963966802022747,True
259,soda,China,0.4917549927024866,-0.15526225948609146,False
260,soda,India,-0.26917518361283554,-0.23698692485624664,True
261,soda,Indonesia,0.7702665260715169,-0.12286917938998247,False
262,soda,Pakistan,-0.39603430482099655,-0.0622609036392382,True
263,soda,Bangladesh,-0.05228189630010408,0.034464557640185044,False
264,soda,Japan,1.4357655043932511,-0.167948783174263,False
265,soda,Philippines,1.1955442542837786,-0.1187005903005408,False
266,soda,Vietnam,0.2785980623071509,-0.040638458118617785,False
267,soda,Iran,-1.337961168578652,-0.2176047210127143,True
268,soda,Turkey,-1.3761921829751738,-0.2326048875718896,True
269,soda,Russia,-2.0550568441563497,-0.3424465077024169,True
270,soda,Germany,-0.4385865781096471,-0.1944968326632882,True
271,soda,France,-1.1439115023266415,-0.3129384134933909,True
272,soda,Italy,-0.5430240082411335,-0.3655262964862641,True
273,soda,Spain,-0.9356166548397477,-0.2653681619133935,True
274,soda,Ukraine,-1.9414725514754798,-0.2715951372220789,True
275,soda,Poland,-1.2854236703826492,-0.19825006986733426,True
276,soda,Romania,-1.3857437196508686,-0.33091397676492673,True
277,soda,Netherlands,0.1343221111594991,-0.0923365408311883,False
278,soda,Austria,-1.1771269413572367,-0.2931519218519257,True
279,soda,Mexico,0.7558970371052646,-0.14837530681167682,False
280,soda,Canada,1.5850770801137983,0.08090769220380019,True
281,soda,Guatemala,-0.002322510407126828,-0.08634455722418387,True
282,soda,Haiti,-0.4668634030762494,-0.0731388854274562,True
283,soda,Cuba,0.10725459134889208,-0.055777663737480436,False
284,soda,Honduras,0.7918193470444123,0.05080622249672883,True
285,soda,Nicaragua,-0.3450605307057633,0.05840560201520335,False
286,soda,Brazil,1.1302817081356278,-0.16974955286307936,False
287,soda,Columbia,0.8999314565550105,0.28531814284700263,True
288,soda,Argentina,0.5483259225781172,-0.14308659361329207,False
289,soda,Peru,-0.6942415591365365,-0.2108892033269724,True
290,soda,Venezuela,0.7491451154350685,-0.05538125750131062,False
291,soda,Chile,0.5757606349817901,-0.035374203961450135,False
292,soda,Ecuador,-0.4143208106445688,-0.03054157902792988,True
293,soda,Bolivia,-0.5636242787556016,-0.21267846981322405,True
294,soda,Paraguay,-0.8155411237955659,-0.04472290002427239,True
295,soda,Uruguay,-0.04435458896393483,0.001404947388223757,False
296,soda,Australia,1.3716426709217202,-0.018501070932823924,False
297,soda,Fiji,0.0072267721769778545,0.031982429152305834,True
298,soda,Samoa,0.5195600322575191,0.002129459325809764,True
299,soda,Tonga,-1.995370472086441,0.13621616163173014,False
300,energy drink,Nigeria,0.3921145249435217,0.2797347538438563,True
301,energy drink,Ethiopia,-0.8464960570552216,-0.094980887764672,True
302,energy drink,Egypt,-1.5421514898977613,-0.2892932661572457,True
303,energy drink,Congo,-0.5089593411469835,-0.21109859454731225,True
304,energy drink,Tanzania,0.8810121999428239,0.0913318380017476,True
305,energy drink,Kenya,0.596168717676507,0.1081908725915708,True
306,energy drink,Uganda,0.5035940311906295,0.12017809130667452,True
307,energy drink,Sudan,-0.6060275868702775,0.05341238593274597,False
308,energy drink,Algeria,-1.3565029343749246,0.05705779941846328,False
309,energy drink,China,0.5285677034299051,-0.2743276560151881,False
310,energy drink,India,0.3886625546551629,-0.3271039734068641,False
311,energy drink,Indonesia,1.4529788795266452,-0.13268798144468136,False
312,energy drink,Pakistan,0.12127438548259488,-0.0797334130241564,False
313,energy drink,Bangladesh,0.790895801995987,0.053422760043980506,True
314,energy drink,Japan,0.9179770138811058,-0.2981961883359419,False
315,energy drink,Philippines,3.1739634559307275,-0.1215194833065299,False
316,energy drink,Vietnam,0.1754679875627988,-0.18824742768250485,False
317,energy drink,Iran,-1.573689951741544,-0.21702316833798407,True
318,energy drink,Turkey,-1.3024962449321391,-0.22954571206850025,True
319,energy drink,Russia,-2.10021322967214,-0.3578321527860869,True
320,energy drink,Germany,0.15756398925810522,-0.2451746562554035,False
321,energy drink,France,-1.3334356473734337,-0.3384690715064446,True
322,energy drink,Italy,-1.065886919258418,-0.3909741309419684,True
323,energy drink,Spain,-0.7851730793627285,-0.2947665781962789,True
324,energy drink,Ukraine,-0.946558916435901,-0.27664753577785905,True
325,energy drink,Poland,-1.6828496608609698,-0.2808988167136483,True
326,energy drink,Romania,-1.7498626903176775,-0.3302990778790765,True
327,energy drink,Netherlands,1.981277340032412,-0.047729225169046235,False
328,energy drink,Austria,-1.2276971692622225,-0.30926767818919537,True
329,energy drink,Mexico,0.3118675350310468,-0.2119828024737321,False
330,energy drink,Canada,0.8698924735113898,-0.07586139734181488,False
331,energy drink,Guatemala,-0.7775836858598515,-0.06365423279144215,True
332,energy drink,Haiti,-0.8213326442600623,-0.12141045533452645,True
333,energy drink,Cuba,-0.5515758307907078,-0.17404677358277404,True
334,energy drink,Honduras,0.4384361618883412,-0.014557316944921428,False
335,energy drink,Nicaragua,-0.7142065292797334,0.0845565587542959,False
336,energy drink,Brazil,1.3138135693330404,-0.188861443064156,False
337,energy drink,Columbia,0.7101938904904436,0.1941023177163748,True
338,energy drink,Argentina,0.4598995539668178,-0.17542072210196855,False
339,energy drink,Peru,-0.6352484784744235,-0.2276241563656003,True
340,energy drink,Venezuela,0.457774370407873,-0.003986657180682129,False
341,energy drink,Chile,0.8491860416760678,-0.002867198719981125,False
342,energy drink,Ecuador,-0.13655903341563672,0.02955322564567608,False
343,energy drink,Bolivia,-0.11985470426204782,-0.23460788054818255,True
344,energy drink,Paraguay,-0.6520532130052213,-0.009549034641530408,True
345,energy drink,Uruguay,-0.23690375626518945,0.0013230003196904145,False
346,energy drink,Australia,2.0333814559103525,-0.1154103703858062,False
347,energy drink,Fiji,-0.5321905895023219,-0.04738453076791599,True
348,energy drink,Samoa,0.4006789974442783,-0.04924643727203007,False
349,energy drink,Tonga,-0.9911319669267352,0.1834163926573581,False
350,milkshake,Nigeria,0.5239679851965839,0.1966610294189188,True
351,milkshake,Ethiopia,-0.5761934043927459,-0.2151191028012817,True
352,milkshake,Egypt,-1.6439644908409905,-0.3570624045201816,True
353,milkshake,Congo,0.6207557975297603,-0.2242778699256428,False
354,milkshake,Tanzania,2.106345947425152,0.0776949362125194,True
355,milkshake,Kenya,1.180189977710795,0.16130572337116691,True
356,milkshake,Uganda,1.3375987096646202,0.10087885913324876,True
357,milkshake,Sudan,-0.3475550807632363,-0.0021046347100312193,True
358,milkshake,Algeria,-2.119347256395575,-0.1208110983105998,True
359,milkshake,China,-0.28339567024804657,-0.23467183803154584,True
360,milkshake,India,0.2675981511072149,-0.2996759840849789,False
361,milkshake,Indonesia,1.0146147569453854,-0.2226975404423048,False
362,milkshake,Pakistan,0.5670536307798328,-0.08849626465962195,False
363,milkshake,Bangladesh,1.3596974973435525,0.12231485733643832,True
364,milkshake,Japan,0.6131191049456333,-0.3026126657916106,False
365,milkshake,Philippines,3.4962817772971815,-0.18365306586557448,False
366,milkshake,Vietnam,0.13649747327484682,-0.14813028421180038,False
367,milkshake,Iran,-1.319590031273708,-0.3284521239324002,True
368,milkshake,Turkey,-1.2982022589764852,-0.3588456783507894,True
369,milkshake,Russia,-2.2717163183426567,-0.43555875023435575,True
370,milkshake,Germany,-0.7328516550145949,-0.3282787062518317,True
371,milkshake,France,-1.0599936247510335,-0.4057223113430553,True
372,milkshake,Italy,-1.149693238698212,-0.5202521242134133,True
373,milkshake,Spain,-1.7157188333887974,-0.4619823457947268,True
374,milkshake,Ukraine,-0.627985178383104,-0.3705077851762871,True
375,milkshake,Poland,-0.7596303902769236,-0.3742404893413164,True
376,milkshake,Romania,-1.2704638579339202,-0.4582295476430545,True
377,milkshake,Netherlands,2.293343296199644,-0.16787116272826888,False
378,milkshake,Austria,-0.6500120506460798,-0.3923029544122197,True
379,milkshake,Mexico,0.20801300178361776,-0.29316863798693643,False
380,milkshake,Canada,1.4113894064202537,0.06777604685534086,True
381,milkshake,Guatemala,-0.18337935599170524,-0.2261330311878064,True
382,milkshake,Haiti,-0.000783639332963867,-0.21448698934620689,True
383,milkshake,Cuba,-0.3621750938347891,-0.24603118007666305,True
384,milkshake,Honduras,0.9528256388148524,-0.08336804375639519,False
385,milkshake,Nicaragua,0.27165049837934724,-0.039480631829782925,False
386,milkshake,Brazil,0.7782403704065086,-0.31869201613285164,False
387,milkshake,Columbia,1.3641566362030255,0.33599366150930843,True
388,milkshake,Argentina,0.5757152126640278,-0.3338483376889721,False
389,milkshake,Peru,-0.9418622325621272,-0.3898990998246554,True
390,milkshake,Venezuela,0.22050345099502475,-0.18685033901205447,False
391,milkshake,Chile,0.6240534373930192,-0.15788224400379613,False
392,milkshake,Ecuador,-0.2738823845221448,-0.17891762157451746,True
393,milkshake,Bolivia,-0.43703992826035454,-0.37360960082328737,True
394,milkshake,Paraguay,-0.4515114962975122,-0.18256699609730853,True
395,milkshake,Uruguay,0.4310570203554067,-0.13395061314737372,False
396,milkshake,Australia,1.1916905643257327,-0.01235493107804614,False
397,milkshake,Fiji,0.3557973561143362,-0.040827719420533,False
398,milkshake,Samoa,0.8681089980245501,-0.08537880513713897,False
399,milkshake,Tonga,-0.06569108827673721,0.18816673972966702,False
400,smoothie,Nigeria,0.09644950181105197,0.2550080685802919,True
401,smoothie,Ethiopia,-0.04977768072738346,-0.09007173990151297,True
402,smoothie,Egypt,-1.197840847311756,-0.2887542939298384,True
403,smoothie,Congo,0.8529332912929432,-0.18113447671810964,False
404,smoothie,Tanzania,2.2663567255759585,0.08445934187872699,True
405,smoothie,Kenya,1.392455204751362,0.09965973023224947,True
406,smoothie,Uganda,1.0281495248340269,0.1031662538717652,True
407,smoothie,Sudan,-0.3085105756803989,0.058215170007396434,False
408,smoothie,Algeria,-2.26468694721866,0.046541300543724656,False
409,smoothie,China,0.6815849907166596,-0.2052699455037448,False
410,smoothie,India,1.2152473481844903,-0.2795604032102112,False
411,smoothie,Indonesia,2.2457155815375267,-0.12538258462464966,False
412,smoothie,Pakistan,0.5541405605802872,-0.0665467012377431,False
413,smoothie,Bangladesh,1.0381247441256782,0.08189805669455902,True
414,smoothie,Japan,1.0682262010216448,-0.2659411491496817,False
415,smoothie,Philippines,4.580728686461523,-0.12622268048899152,False
416,smoothie,Vietnam,1.0221156485041356,-0.19191826711140766,False
417,smoothie,Iran,-1.7040397849793203,-0.20948125832848824,True
418,smoothie,Turkey,-0.9621694069482128,-0.21931137711916898,True
419,smoothie,Russia,-2.605981105686692,-0.3205789271369476,True
420,smoothie,Germany,-0.4896705638879382,-0.28260868469960343,True
421,smoothie,France,-1.1506055350232929,-0.32496607710131203,True
422,smoothie,Italy,-0.9388728666293756,-0.4035361462499026,True
423,smoothie,Spain,-1.008031964976359,-0.3296814216590689,True
424,smoothie,Ukraine,-0.7668203915418018,-0.2718607181277187,True
425,smoothie,Poland,-1.3110818632153731,-0.32231850333708845,True
426,smoothie,Romania,-1.2343928713988086,-0.33381286108531066,True
427,smoothie,Netherlands,2.7784357908804997,-0.07870140871445662,False
428,smoothie,Austria,-1.1149329891296291,-0.31727368361244,True
429,smoothie,Mexico,0.4240953888340209,-0.23299029743869515,False
430,smoothie,Canada,0.9563730786229028,-0.06919864103629113,False
431,smoothie,Guatemala,0.34786376033291005,-0.10935325366268976,False
432,smoothie,Haiti,0.020788321146188216,-0.1463038702868407,False
433,smoothie,Cuba,-0.2032904044878304,-0.22098807091787376,True
434,smoothie,Honduras,1.6819149782232892,-0.0582043209842809,False
435,smoothie,Nicaragua,0.6107114072260529,0.022751454508475284,True
436,smoothie,Brazil,1.4328982899016185,-0.18887038292570815,False
437,smoothie,Columbia,1.0597790038607282,0.1761977564182557,True
438,smoothie,Argentina,0.7529575448994023,-0.22043152462097124,False
439,smoothie,Peru,0.3800960783056969,-0.2476738578382849,False
440,smoothie,Venezuela,0.03999057083086532,-0.04055003333947356,False
441,smoothie,Chile,1.608389434513268,-0.02643397542745121,False
442,smoothie,Ecuador,0.9485466027679548,-0.01007724863331913,False
443,smoothie,Bolivia,0.6685627774661186,-0.2405633428017045,False
444,smoothie,Paraguay,0.08174789364324016,-0.05006140976133957,False
445,smoothie,Uruguay,0.5725177357197497,-0.034727870646786445,False
446,smoothie,Australia,1.9693555886287408,-0.09697934362806848,False
447,smoothie,Fiji,1.0818287202141958,-0.011053292618299355,False
448,smoothie,Samoa,0.9337775438686206,-0.044952959438793835,False
449,smoothie,Tonga,-0.3310391464734583,0.19829157835006392,False
450,alcohol,Nigeria,0.4431435967987227,-0.04552367481765012,False
451,alcohol,Ethiopia,-0.5320869593506735,0.061271009498523286,False
452,alcohol,Egypt,-0.1966988049160413,0.1543902887182429,False
453,alcohol,Congo,-0.4261629115881399,0.057334146975633625,False
454,alcohol,Tanzania,-0.54276446462108,-0.01976657439685996,True
455,alcohol,Kenya,0.09359503215783127,0.0630084365626991,True
456,alcohol,Uganda,0.4314490157016213,-0.0025665003553803586,False
457,alcohol,Sudan,-0.14129854460114374,0.07721055862991452,False
458,alcohol,Algeria,0.4742011113713618,-0.0422054076355331,False
459,alcohol,China,-0.7870624422125136,0.02586569306789779,False
460,alcohol,India,-0.2523943088939216,0.07670464911093622,False
461,alcohol,Indonesia,0.07820289282528671,0.0345943202478372,True
462,alcohol,Pakistan,-0.15082441980133335,0.02909610927824729,False
463,alcohol,Bangladesh,0.13139091194375466,-0.05192026907009948,False
464,alcohol,Japan,-0.3003326072155139,0.13637320118220125,False
465,alcohol,Philippines,0.43320554592218297,-0.0192991475914888,False
466,alcohol,Vietnam,0.7081775844718744,0.1356645856187269,True
467,alcohol,Iran,-0.09721262302107783,0.1304751438813287,False
468,alcohol,Turkey,-0.03948218614732537,0.06465117749880615,False
469,alcohol,Russia,-0.4864220476074204,0.11070226480760198,False
470,alcohol,Germany,0.5909959514220963,0.19752175823450027,True
471,alcohol,France,0.13102462944253393,0.0735687783695751,True
472,alcohol,Italy,0.7588655651639609,0.09722937315962277,True
473,alcohol,Spain,0.9190307710669022,0.14471214348964806,True
474,alcohol,Ukraine,0.12197521945396353,0.12762059525170602,True
475,alcohol,Poland,-0.2412140554815003,0.17009821065423253,False
476,alcohol,Romania,0.3102204713017219,0.09274007190329686,True
477,alcohol,Netherlands,0.34272647129797706,0.06881672062422599,True
478,alcohol,Austria,0.07920124106952174,0.15213294982068662,True
479,alcohol,Mexico,0.6714828187457157,0.10213476441133618,True
480,alcohol,Canada,0.3287938667902585,0.12741055265763607,True
481,alcohol,Guatemala,0.12229191688955693,0.031080163215494006,True
482,alcohol,Haiti,0.09724866116653136,0.012941214319572136,True
483,alcohol,Cuba,0.44514971842860895,0.15450682439599778,True
484,alcohol,Honduras,0.7887428619387911,0.07252611190629799,True
485,alcohol,Nicaragua,-0.22522557164680124,-0.00894266951994417,True
486,alcohol,Brazil,0.17397207446311344,0.04982194502908266,True
487,alcohol,Columbia,0.2645097185594891,0.05843327816458286,True
488,alcohol,Argentina,0.7115302986044877,0.1253188396082821,True
489,alcohol,Peru,-0.4925930550493492,0.054478009369247175,False
490,alcohol,Venezuela,0.244931964732594,-0.025469215708757195,False
491,alcohol,Chile,-0.06575447919841984,-0.02987820930289312,True
492,alcohol,Ecuador,-0.3772894113288914,-0.021246964720284853,True
493,alcohol,Bolivia,-0.43189605308282897,0.0703804177408334,False
494,alcohol,Paraguay,0.05991938440777302,0.007262779956075795,True
495,alcohol,Uruguay,0.4278905286951644,0.019896748212418217,True
496,alcohol,Australia,0.7214073157799832,0.15686175564371768,True
497,alcohol,Fiji,0.18186582060911846,-0.005692926831323168,False
498,alcohol,Samoa,0.2581767215115131,0.03702874472403437,True
499,alcohol,Tonga,-0.2566380892803629,-0.0974184986072051,True
500,liquor,Nigeria,-0.171469420716386,-0.1193177215315616,True
501,liquor,Ethiopia,-0.662605013606053,0.05495934548410343,False
502,liquor,Egypt,0.14753105291368326,0.2776053997069837,True
503,liquor,Congo,-0.3119579252252341,0.14388152681720434,False
504,liquor,Tanzania,-0.9276875050720238,-0.03873945553057007,True
505,liquor,Kenya,-0.4066204992388272,0.021521886303286185,False
506,liquor,Uganda,-0.20505437431525048,-0.06663979526719324,True
507,liquor,Sudan,-0.44868736110894936,0.06793531653775699,False
508,liquor,Algeria,0.5102714856605384,-0.09691753790688698,False
509,liquor,China,-0.29088685314239743,0.1686607390377047,False
510,liquor,India,-0.2865768912544716,0.17632019902379387,False
511,liquor,Indonesia,-0.6426132202399505,0.04372668113300357,False
512,liquor,Pakistan,-0.6367658294600099,0.03253341967729097,False
513,liquor,Bangladesh,-0.3029221905574172,-0.12817732211167007,True
514,liquor,Japan,-0.5616086614333411,0.1860010916545557,False
515,liquor,Philippines,0.5270673620298758,-0.010446003025006513,False
516,liquor,Vietnam,0.2658109553369765,0.18863170785894887,True
517,liquor,Iran,-0.38889550391998506,0.1653100917511654,False
518,liquor,Turkey,-0.17970018147081682,0.1077400375476463,False
519,liquor,Russia,-0.31831728059023634,0.15809791113740435,False
520,liquor,Germany,0.16754889828306094,0.17152377435266294,True
521,liquor,France,0.3995047069379181,0.11803815904587082,True
522,liquor,Italy,0.8797974984959429,0.14467052467708705,True
523,liquor,Spain,1.2565457094650223,0.24654777285741766,True
524,liquor,Ukraine,-0.06135493659564443,0.1178462055278433,False
525,liquor,Poland,0.0152072605927675,0.1836083895919166,True
526,liquor,Romania,0.2015892258198388,0.08708287968717239,True
527,liquor,Netherlands,-0.036412076085190856,0.0036225867617439116,False
528,liquor,Austria,-0.1092999572426068,0.0946691773655106,False
529,liquor,Mexico,0.9361488921913421,0.21600438336774327,True
530,liquor,Canada,-0.09345247760734024,0.08943892442081132,False
531,liquor,Guatemala,0.3912824059024863,0.08112959677181245,True
532,liquor,Haiti,0.5672737017833134,0.10005086287034808,True
533,liquor,Cuba,0.9418611818645248,0.27051846919883865,True
534,liquor,Honduras,0.8977432823495389,0.12857788071242165,True
535,liquor,Nicaragua,0.25365525304031644,-0.01235794877500375,False
536,liquor,Brazil,-0.00018220093575929832,0.12768630345333276,False
537,liquor,Columbia,0.1363997077029112,0.01819969341313759,True
538,liquor,Argentina,0.3306205926403832,0.18676271497654293,True
539,liquor,Peru,0.2873962732560211,0.14364968256906302,True
540,liquor,Venezuela,0.3515535318359314,0.03232792665608023,True
541,liquor,Chile,-0.1583388791944261,0.018238963336644626,False
542,liquor,Ecuador,-0.3817926600403397,-0.0041987831640257645,True
543,liquor,Bolivia,-0.2895578259045087,0.1531401170100424,False
544,liquor,Paraguay,0.4121716493404761,0.01934966891004153,True
545,liquor,Uruguay,0.5414983395069276,0.026997794329665162,True
546,liquor,Australia,-0.14845702519166734,0.08511996559254871,False
547,liquor,Fiji,0.4495567859514884,-0.025575241732257198,False
548,liquor,Samoa,0.11903164596003073,-0.004378783473158032,False
549,liquor,Tonga,-0.2968839524750846,-0.17473582931152767,True
550,beer,Nigeria,-0.2990640677692887,0.03930516364751457,False
551,beer,Ethiopia,-1.0281939014200292,-0.1390409054526342,True
552,beer,Egypt,-1.7934880094257313,-0.07842007099666201,True
553,beer,Congo,-0.9862474047128912,-0.13557260308328675,True
554,beer,Tanzania,-0.7106674598670633,-0.028417495564161937,True
555,beer,Kenya,-0.8363570251208124,0.1452698034410769,False
556,beer,Uganda,0.22326905275020392,0.05196430523933203,True
557,beer,Sudan,-1.4142512610367903,0.013222204795761278,False
558,beer,Algeria,-0.3043503456698308,-0.2071714668798619,True
559,beer,China,-1.1013599033900063,-0.06032358501559752,True
560,beer,India,-1.732611460789698,-0.15245399263942214,True
561,beer,Indonesia,0.23175280718711555,-0.10270915141942802,False
562,beer,Pakistan,-0.5185112715933569,-0.028983131861077743,True
563,beer,Bangladesh,0.1678068829415396,-0.028761589568515062,False
564,beer,Japan,0.16481025380792672,0.026949603615650984,True
565,beer,Philippines,0.18750125094527886,-0.1815289671899119,False
566,beer,Vietnam,0.4431868946383971,0.08703616262451537,True
567,beer,Iran,-0.9408924111416214,-0.10378867148486946,True
568,beer,Turkey,0.1272429182877063,-0.11967211077834985,False
569,beer,Russia,-1.3168855189545188,-0.1391749146380773,True
570,beer,Germany,2.1506540530432843,0.09467305175714233,True
571,beer,France,0.2922437978497476,-0.1716171065165299,False
572,beer,Italy,0.0013987817430256165,-0.2075956121600392,False
573,beer,Spain,0.0239624869339618,-0.1848959352961992,False
574,beer,Ukraine,-0.5697932150224274,-0.09790838772151986,True
575,beer,Poland,0.7256283038257937,0.02863748325537398,True
576,beer,Romania,0.056187681445813834,-0.1838653658586235,False
577,beer,Netherlands,1.5597486788282957,0.045534175293091485,True
578,beer,Austria,1.4074905795942818,-0.06259812722193965,False
579,beer,Mexico,0.12524793460087616,-0.15080823011400818,False
580,beer,Canada,1.2483023273002407,0.2022334824300008,True
581,beer,Guatemala,0.2823066503623086,-0.1812930187649772,False
582,beer,Haiti,-0.8665648895263577,-0.16725476923204075,True
583,beer,Cuba,-0.27293458522114816,-0.06774069513070792,True
584,beer,Honduras,0.12385535967879906,-0.06291330052011282,False
585,beer,Nicaragua,-0.5959629668376477,-0.1376175365881634,True
586,beer,Brazil,0.14889131912083556,-0.19781600878157649,False
587,beer,Columbia,1.075447879556138,0.23796650546681866,True
588,beer,Argentina,0.6977078577806403,-0.0956750825559478,False
589,beer,Peru,-0.5207702129520017,-0.214675592125754,True
590,beer,Venezuela,-0.17956146354149474,-0.21967516784558694,True
591,beer,Chile,0.962140179868176,-0.14791380557431658,False
592,beer,Ecuador,-0.4728001292640683,-0.156762887270487,True
593,beer,Bolivia,-0.17361796561705106,-0.2300266950326232,True
594,beer,Paraguay,-0.13216003527482634,-0.13729030028956415,True
595,beer,Uruguay,0.5962614467252675,-0.07994187972643647,False
596,beer,Australia,1.648563520105777,0.15628132377385134,True
597,beer,Fiji,-0.22227961464738136,-0.055090370431744536,True
598,beer,Samoa,-0.3826297625345985,-0.03567169292634058,True
599,beer,Tonga,-0.7323382754015381,-0.005528813367195604,True
600,wine,Nigeria,-2.183846224320614,-0.16908285831502054,True
601,wine,Ethiopia,-1.6571594733541002,0.050575219702875686,False
602,wine,Egypt,-0.42610986374218746,0.3090998631871293,False
603,wine,Congo,-1.625519632373364,0.2237749374700884,False
604,wine,Tanzania,-1.6679582604230818,-0.11782956677774944,True
605,wine,Kenya,-1.756289274360522,-0.051250168009512126,True
606,wine,Uganda,-2.4292899194527657,-0.11468711624180038,True
607,wine,Sudan,-1.7831145122339183,1.0894540287570982e-05,False
608,wine,Algeria,-0.10152659581024008,0.011285341382102113,False
609,wine,China,-1.7293806439441994,0.12745247303059953,False
610,wine,India,-1.9049279529800252,0.13913937932735332,False
611,wine,Indonesia,-2.3498127135736984,0.026731219513198026,False
612,wine,Pakistan,-2.3952306691896554,-0.030998997617785275,True
613,wine,Bangladesh,-3.2896811784051665,-0.2380191396650656,True
614,wine,Japan,-1.559815738772966,0.21577881317783407,False
615,wine,Philippines,-1.2771425426087668,0.06662847135418637,False
616,wine,Vietnam,-1.160255986979946,0.2298592533274799,False
617,wine,Iran,-2.0497648974213565,0.1752898866215804,False
618,wine,Turkey,-0.6767857558533968,0.16613262826238065,False
619,wine,Russia,-1.5177857025084296,0.2673097198129245,False
620,wine,Germany,0.2794425417333638,0.3499449386902654,True
621,wine,France,2.5921855028314704,0.3984015710570433,True
622,wine,Italy,2.4468633544384795,0.3986438197132745,True
623,wine,Spain,2.3799758069396506,0.4412334570086561,True
624,wine,Ukraine,-1.0155433104051044,0.2786794944851317,False
625,wine,Poland,-0.3295657209877839,0.3794030669703592,False
626,wine,Romania,0.2329024546257798,0.3203485643785271,True
627,wine,Netherlands,-0.3906827428950792,0.16342833641676072,False
628,wine,Austria,0.7621587306703627,0.3522424858492663,True
629,wine,Mexico,-0.7004720930005756,0.2788088248210389,False
630,wine,Canada,-1.5015721937578477,0.11622100893273865,False
631,wine,Guatemala,-1.4614121677261027,0.21469116825796647,False
632,wine,Haiti,-1.5087895200996853,0.26927424625396296,False
633,wine,Cuba,-1.0195508242403537,0.3733157929444637,False
634,wine,Honduras,-1.4460741289640682,0.16552694771761084,False
635,wine,Nicaragua,-1.8583200775291369,0.03550408161967075,False
636,wine,Brazil,-0.8642811058777919,0.256004976841522,False
637,wine,Columbia,-1.2047584737459662,-0.11184200517014704,True
638,wine,Argentina,0.4724578012472518,0.36702237386622216,True
639,wine,Peru,-0.5053762917949439,0.2659290739236297,False
640,wine,Venezuela,-0.853986069790817,0.15611766817297718,False
641,wine,Chile,0.5696862555184145,0.17289721064771665,True
642,wine,Ecuador,-1.1482838670499242,0.13607107859971582,False
643,wine,Bolivia,-1.6450912259150494,0.2590323528187414,False
644,wine,Paraguay,-0.7866439674284962,0.17749740620236787,False
645,wine,Uruguay,-0.5887571489807217,0.17601616157263936,False
646,wine,Australia,-0.8186163208148025,0.03718768188311405,False
647,wine,Fiji,-0.9011413185096762,-0.05106097201003254,True
648,wine,Samoa,-1.69648481897536,0.002794269237660085,False
649,wine,Tonga,-2.2202084149481003,-0.2360060160673313,True
650,cider,Nigeria,-1.7797808798279768,0.08169647142405867,False
651,cider,Ethiopia,-0.7056968621930014,-0.03137704467119224,True
652,cider,Egypt,-1.0082487641861817,-0.0341874545996533,True
653,cider,Congo,-1.3024347045008615,-0.2063243841570186,True
654,cider,Tanzania,-0.513756475035503,-0.022718041481259624,True
655,cider,Kenya,-0.8080839661583874,0.1810202305699833,False
656,cider,Uganda,-0.9261408052439014,0.11167228738010128,False
657,cider,Sudan,-1.1848091467654422,0.0888843640698399,False
658,cider,Algeria,-1.521870840609678,-0.16798558179026268,True
659,cider,China,-1.1695803746049402,-0.1278149541999134,True
660,cider,India,-1.6449140331990442,-0.2329312128040736,True
661,cider,Indonesia,-3.2009745669273757,-0.29760200443713897,True
662,cider,Pakistan,-1.2521980266209618,-0.12912780659601053,True
663,cider,Bangladesh,-1.3091527249751007,-0.0766906692831186,True
664,cider,Japan,-2.874380890749458,-0.2958475090566397,True
665,cider,Philippines,-2.712558579627157,-0.3614595980438092,True
666,cider,Vietnam,-1.8522825991901049,-0.13569350839216,True
667,cider,Iran,-1.625886496905157,-0.15691149112918193,True
668,cider,Turkey,0.2556006902766481,-0.11881269791388907,False
669,cider,Russia,-2.337913433529218,-0.2513414470260329,True
670,cider,Germany,0.44976985710316986,-0.0610159132858382,False
671,cider,France,0.5697681181652582,-0.2482739563266641,False
672,cider,Italy,-0.8581925123774978,-0.3478056854321068,True
673,cider,Spain,-0.6941271441457756,-0.3245224085581323,True
674,cider,Ukraine,-0.35530223678339323,-0.17759493249790576,True
675,cider,Poland,1.2141351549944135,-0.12538294789286464,False
676,cider,Romania,0.28621184397278504,-0.265407977986386,False
677,cider,Netherlands,-0.27789978290596434,-0.11741827672770636,True
678,cider,Austria,0.035097674906251604,-0.19155707680295292,False
679,cider,Mexico,-2.6470597578715767,-0.35108266283189843,True
680,cider,Canada,0.8568427751297734,0.13474147642082965,True
681,cider,Guatemala,-1.6953281588462634,-0.29412158893733664,True
682,cider,Haiti,-1.4608019950050914,-0.18181699165142326,True
683,cider,Cuba,-1.9546591313786692,-0.2429792229664417,True
684,cider,Honduras,-0.8332416163485991,-0.114099980200699,True
685,cider,Nicaragua,-2.0914303432508023,-0.18543115448706268,True
686,cider,Brazil,-2.3410254486564006,-0.32580741589375034,True
687,cider,Columbia,0.3364045324833455,0.24768870500426796,True
688,cider,Argentina,-0.9989709835680212,-0.2820639691661733,True
689,cider,Peru,-1.6433069594245096,-0.3615910774822528,True
690,cider,Venezuela,-2.529061868664096,-0.2889314895565927,True
691,cider,Chile,-0.8830915073354327,-0.2693718210584797,True
692,cider,Ecuador,-2.3888018202457424,-0.2473303268460865,True
693,cider,Bolivia,-1.8502705819841971,-0.3879176481425259,True
694,cider,Paraguay,-0.9846287825315324,-0.21235800968113652,True
695,cider,Uruguay,-1.5751606437098449,-0.23018048116486345,True
696,cider,Australia,0.7414812253949643,0.09297374422026584,True
697,cider,Fiji,-1.1067906198322752,-0.14632187682431455,True
698,cider,Samoa,-1.5363663302533457,-0.13544331295613554,True
699,cider,Tonga,-1.764967057348933,0.020988129271934216,False
700,vodka,Nigeria,-1.3910812050295749,-0.043162481450797714,True
701,vodka,Ethiopia,-1.5818190012793742,0.14060011377354845,False
702,vodka,Egypt,-1.8069688489942657,0.2165754049763393,False
703,vodka,Congo,-0.971297859960391,0.10483353192156747,False
704,vodka,Tanzania,-1.644668132425544,0.005397181583025361,False
705,vodka,Kenya,-1.3620682270363658,0.046445688070592316,False
706,vodka,Uganda,-1.4330764726471668,-0.007938006527553259,True
707,vodka,Sudan,-2.016738420479356,0.0500874104554653,False
708,vodka,Algeria,-0.5941082284281436,0.013966516938461172,False
709,vodka,China,-1.6965107875128278,0.035002425633913696,False
710,vodka,India,-1.6344932751231165,0.1527581279772926,False
711,vodka,Indonesia,-1.3147201966625839,0.15308011346727024,False
712,vodka,Pakistan,-1.0164333339835094,0.12869126832473465,False
713,vodka,Bangladesh,-1.3586539250081624,-0.07270426031487176,True
714,vodka,Japan,-0.4484116757299363,0.2888671755320045,False
715,vodka,Philippines,-1.2153419414463205,0.0694409195839423,False
716,vodka,Vietnam,-0.631670662436519,0.15657176051009686,False
717,vodka,Iran,-0.1985552496580792,0.2455775039210261,False
718,vodka,Turkey,0.2577464319741568,0.1749030362622731,True
719,vodka,Russia,1.8734612290599504,0.3511643833227585,True
720,vodka,Germany,0.3931664384127075,0.25371823994421056,True
721,vodka,France,-0.08942386376069797,0.10498245623982884,False
722,vodka,Italy,-0.0032227969734978357,0.2721106105343589,False
723,vodka,Spain,0.31556267014782097,0.2569518538699621,True
724,vodka,Ukraine,2.346856335357625,0.34142406844635936,True
725,vodka,Poland,0.938692400246554,0.3379354642731316,True
726,vodka,Romania,0.6645150214871298,0.2767769868162659,True
727,vodka,Netherlands,-0.7646901500221709,0.14470513614306124,False
728,vodka,Austria,0.9697276453332216,0.2396297570482042,True
729,vodka,Mexico,0.02305426753213857,0.19281730072599304,True
730,vodka,Canada,0.375370372062612,0.025112324723021426,True
731,vodka,Guatemala,-0.7948654698985071,0.1295762071804586,False
732,vodka,Haiti,-0.6423215027134298,0.056298534510669324,False
733,vodka,Cuba,0.9443545067503616,0.2455581614829897,True
734,vodka,Honduras,-0.4819658567709529,0.06394679156322318,False
735,vodka,Nicaragua,-0.8798098501927669,0.057716401540950014,False
736,vodka,Brazil,-0.3764265504810736,0.16227460812073824,False
737,vodka,Columbia,0.04150895020409777,-0.06826007659732768,False
738,vodka,Argentina,0.9360966045937854,0.2667625186247643,True
739,vodka,Peru,-0.2334234432556492,0.2007494725747319,False
740,vodka,Venezuela,0.3130078789121739,0.09762306527500834,True
741,vodka,Chile,0.22910141985015006,0.07645588557659286,True
742,vodka,Ecuador,-0.3978586052667745,0.11691583368323866,False
743,vodka,Bolivia,0.005142224510038049,0.19104622851649275,True
744,vodka,Paraguay,-0.4553039200503656,0.07531086319787801,False
745,vodka,Uruguay,0.2834087556503755,0.12051333351913883,True
746,vodka,Australia,-0.5796553324125817,0.00933812426360262,False
747,vodka,Fiji,-0.4161481911492311,0.041097585961977184,False
748,vodka,Samoa,-1.290732934424072,0.09493541932753403,False
749,vodka,Tonga,-1.23253543759287,-0.08874989653960974,True
750,rum,Nigeria,0.024453826687322485,-0.038334776166858715,False
751,rum,Ethiopia,-1.6619540357667222,-0.0786193033791577,True
752,rum,Egypt,-0.2294803641496842,0.14919530257614685,False
753,rum,Congo,2.1384541354699955,0.18155566306470386,True
754,rum,Tanzania,0.7815248898740108,0.01780576137108199,True
755,rum,Kenya,0.17089229553853674,0.021486649130629917,True
756,rum,Uganda,-0.6368823077931746,-0.050021545893748284,True
757,rum,Sudan,-0.26173382439986964,0.08266179847268823,False
758,rum,Algeria,0.3659319883435619,-0.01878914215640304,False
759,rum,China,-0.4186646641490484,0.10574362331700073,False
760,rum,India,-0.06625537613161843,0.11537539294338504,False
761,rum,Indonesia,2.1561956785267875,0.08924624926710148,True
762,rum,Pakistan,-1.4812533736380136,0.0872017202905401,False
763,rum,Bangladesh,0.07585988451574871,-0.014526253178288637,False
764,rum,Japan,-0.8231503545285719,0.08769074556452429,False
765,rum,Philippines,2.630657321930233,0.08289363486085641,True
766,rum,Vietnam,2.378220700501839,0.2164707553041096,True
767,rum,Iran,-1.5084621908734703,0.09769024112427817,False
768,rum,Turkey,-1.4425566599773745,0.032535851638138484,False
769,rum,Russia,-2.749774520009886,0.03546661711097702,False
770,rum,Germany,-3.057108615371797,-0.007889824971558972,True
771,rum,France,-0.020088642886230444,0.03308956290010423,False
772,rum,Italy,-1.977805586593528,0.04294886176081025,False
773,rum,Spain,1.1910030278813086,0.2049201469471002,True
774,rum,Ukraine,-2.9954509398345954,-0.003244825819245613,True
775,rum,Poland,-2.3880434544251137,0.0473765358372007,False
776,rum,Romania,-2.172795982910016,-0.019608042716158628,True
777,rum,Netherlands,-1.243644097648521,-0.03537889279582331,True
778,rum,Austria,-3.842980479720549,-0.057164866311894935,True
779,rum,Mexico,1.826716540406864,0.2766317303550416,True
780,rum,Canada,-0.6662383564264175,0.09407037401872864,False
781,rum,Guatemala,1.786813611037049,0.1574097162403385,True
782,rum,Haiti,4.019069692353009,0.1652806480677428,True
783,rum,Cuba,4.947206535900532,0.3292357522074166,True
784,rum,Honduras,3.8453169365193163,0.2445047337091319,True
785,rum,Nicaragua,2.480484114840985,0.11174769639693503,True
786,rum,Brazil,1.3350745936781594,0.1488673442752483,True
787,rum,Columbia,0.5069792005773532,0.09902563081237263,True
788,rum,Argentina,0.6176491899110863,0.17834998018061235,True
789,rum,Peru,1.2384549968660892,0.14868279386533026,True
790,rum,Venezuela,1.9855791596390011,0.12416028928829224,True
791,rum,Chile,1.7375573078118074,0.11730434792270387,True
792,rum,Ecuador,1.472186856982987,0.07992071698625684,True
793,rum,Bolivia,-0.007436147417025211,0.12842368333085907,False
794,rum,Paraguay,0.6860120809362883,0.07481991618371442,True
795,rum,Uruguay,1.972591201611228,0.14205196063517975,True
796,rum,Australia,-0.008758413197862995,0.07304720476797387,False
797,rum,Fiji,2.8063080548796995,0.008589643795795741,True
798,rum,Samoa,1.5809745512583582,-0.034582070362670754,False
799,rum,Tonga,1.2610121015602147,-0.13105953251840075,False
800,whiskey,Nigeria,-0.869927924276129,-0.030905400216168687,True
801,whiskey,Ethiopia,-2.141510811540376,-0.11873434374923772,True
802,whiskey,Egypt,-1.8956500583529536,0.03600271065730686,False
803,whiskey,Congo,-0.15976459119461886,-0.08940529262114517,True
804,whiskey,Tanzania,-1.4710082357831258,-0.03670479070780705,True
805,whiskey,Kenya,-0.6359686209416741,0.16144544176143533,False
806,whiskey,Uganda,-1.1131127253571054,0.013931986520934256,False
807,whiskey,Sudan,-1.7309259258908258,0.04264784018618588,False
808,whiskey,Algeria,-0.8975130879384787,-0.27962560711201384,True
809,whiskey,China,-1.5437116391081394,0.026735100679956655,False
810,whiskey,India,-1.491968320379085,-0.012296626224922844,True
811,whiskey,Indonesia,-2.066692224027481,-0.1849727981598186,True
812,whiskey,Pakistan,-1.5347170441157671,-0.02933750430376978,True
813,whiskey,Bangladesh,-1.1318264457627305,-0.05236160014921632,True
814,whiskey,Japan,-1.6493630167514275,-0.08473234334843144,True
815,whiskey,Philippines,-0.990590629623778,-0.2663457712456262,True
816,whiskey,Vietnam,0.6939746509002898,0.08191306720015303,True
817,whiskey,Iran,-1.3246934218428408,-0.08536944193848618,True
818,whiskey,Turkey,-1.321314711889634,-0.1264891088992084,True
819,whiskey,Russia,-1.6260864868076206,-0.15383611861366595,True
820,whiskey,Germany,-1.2671080061060858,-0.08995817132443351,True
821,whiskey,France,-0.41143958661439145,-0.20696851570940727,True
822,whiskey,Italy,-1.7350831588505993,-0.3069954927293828,True
823,whiskey,Spain,-0.7617182777187834,-0.2380993491683387,True
824,whiskey,Ukraine,-0.3504629492812997,-0.14306101650116013,True
825,whiskey,Poland,-0.6942298271320037,-0.10858225875536953,True
826,whiskey,Romania,-1.2583292660188,-0.293621084056546,True
827,whiskey,Netherlands,-1.3039123493515747,-0.17052581658470772,True
828,whiskey,Austria,-1.5216367988575163,-0.24636514642231896,True
829,whiskey,Mexico,0.7101529032619562,-0.17297715111506473,False
830,whiskey,Canada,1.221483201195992,0.1776601538738849,True
831,whiskey,Guatemala,-0.4223591383947602,-0.27153873365668474,True
832,whiskey,Haiti,1.080181163462426,-0.14426781435012154,False
833,whiskey,Cuba,1.3321269784412342,-0.10604271239678452,False
834,whiskey,Honduras,0.6686081077434689,-0.08907967753211482,False
835,whiskey,Nicaragua,-0.17092478705711026,-0.22237507590801486,True
836,whiskey,Brazil,-1.5434241634927302,-0.2767705688841831,True
837,whiskey,Columbia,1.6786365587017629,0.2330658880799873,True
838,whiskey,Argentina,-0.522971449644227,-0.2302932317493836,True
839,whiskey,Peru,-0.3848624822941013,-0.2505351891267267,True
840,whiskey,Venezuela,-0.14717063426055227,-0.30589117129157034,True
841,whiskey,Chile,-0.9481623545267186,-0.2815295377509133,True
842,whiskey,Ecuador,-1.4746403987119423,-0.2999722050985851,True
843,whiskey,Bolivia,-0.7914765310100565,-0.2715626565377442,True
844,whiskey,Paraguay,-0.4493141219004368,-0.2702211604319331,True
845,whiskey,Uruguay,-0.04548853634659845,-0.23822277961402066,True
846,whiskey,Australia,0.19267211772851,0.1384481397876494,True
847,whiskey,Fiji,-0.1845303035842916,-0.06934870952092527,True
848,whiskey,Samoa,0.2198393894323316,-0.08630505738313586,False
849,whiskey,Tonga,-0.7671359003747475,-0.014035353876827377,True
850,champagne,Nigeria,-3.29950428581581,-0.1867605843093059,True
851,champagne,Ethiopia,-2.891665811649649,-0.019802955279982264,True
852,champagne,Egypt,-1.1497445999654299,0.2261065864838252,False
853,champagne,Congo,-1.1813466674921518,0.1909184652986875,False
854,champagne,Tanzania,-2.0130693154282056,-0.129093309126957,True
855,champagne,Kenya,-2.017398682426102,-0.06909005118303764,True
856,champagne,Uganda,-3.2707177190951437,-0.12257263538960494,True
857,champagne,Sudan,-2.698803907443692,-0.07312978615044625,True
858,champagne,Algeria,-0.305423900511798,0.021822778315637212,False
859,champagne,China,-2.0326048421413137,0.09020649966932807,False
860,champagne,India,-2.924856593953776,0.0982768631225198,False
861,champagne,Indonesia,-2.793840319120592,-0.020808709502517727,True
862,champagne,Pakistan,-3.438521590197096,-0.0858330447422612,True
863,champagne,Bangladesh,-3.852520678087732,-0.2274159556912984,True
864,champagne,Japan,-1.1807374182885892,0.1591518724859061,False
865,champagne,Philippines,-2.4825128214875085,0.023204309594151117,False
866,champagne,Vietnam,-1.542650802151238,0.16649448759933932,False
867,champagne,Iran,-3.523699127279063,0.06012350414315429,False
868,champagne,Turkey,-1.8655834061085772,0.0666213355381633,False
869,champagne,Russia,-2.1645335164669883,0.17608880356501228,False
870,champagne,Germany,-0.16871104295250935,0.3184582120163027,False
871,champagne,France,3.0330733100474125,0.4159001717928809,True
872,champagne,Italy,0.6213048659097307,0.3110766759259116,True
873,champagne,Spain,1.0557705881367787,0.34257451506112924,True
874,champagne,Ukraine,-2.806415986152732,0.15253628058713373,False
875,champagne,Poland,-2.160052390015257,0.2807296473654037,False
876,champagne,Romania,-0.7183016094042208,0.2356539662599647,False
877,champagne,Netherlands,-0.7480613853618702,0.15361319897835773,False
878,champagne,Austria,0.7381344103062946,0.2896523881839669,True
879,champagne,Mexico,-1.4329043009081357,0.18926475290207095,False
880,champagne,Canada,-0.7449372574957521,0.16625603522843233,False
881,champagne,Guatemala,-1.393698694541158,0.14407771109904718,False
882,champagne,Haiti,0.6813172718915022,0.274222784747005,True
883,champagne,Cuba,0.31086595054025384,0.3049086808073452,True
884,champagne,Honduras,-1.195703072185122,0.08858610402636942,False
885,champagne,Nicaragua,-2.8694653020480305,-0.04748437362475441,True
886,champagne,Brazil,-0.28528714367756736,0.17536398763300518,False
887,champagne,Columbia,0.06881559826178177,-0.03207612126886285,False
888,champagne,Argentina,0.6279978548493064,0.25612446118139875,True
889,champagne,Peru,-1.907662196354226,0.14387468446473384,False
890,champagne,Venezuela,-0.2895588138600554,0.10522672195108508,False
891,champagne,Chile,0.9057323562496586,0.13580002516175466,True
892,champagne,Ecuador,-1.98762478762698,0.05206123521088971,False
893,champagne,Bolivia,-1.7821346253830774,0.16070636583331874,False
894,champagne,Paraguay,-1.8361979844710141,0.09742262495432398,False
895,champagne,Uruguay,-0.5756502213474829,0.1059067257920068,False
896,champagne,Australia,-0.3025381558855408,0.07178426145332584,False
897,champagne,Fiji,-0.30809461718525744,-0.031142581238102214,True
898,champagne,Samoa,-1.8197983836168816,-0.02014665691036397,True
899,champagne,Tonga,-1.6889511697650972,-0.20497540764630048,True
