,beverage,occupation,direct_correlation,indirect_correlation,same_correlation
0,water,accountant,-1.0798567086231523,-0.07544253124660147,True
1,water,architect,-0.13479103119171296,-0.0102944218500977,True
2,water,artist,-0.7078934211072797,-0.17152303985549808,True
3,water,attorney,-0.4940882032102591,-0.08602754831156402,True
4,water,banker,-0.4844202025289629,0.04635377478953805,False
5,water,bartender,-1.133341442281099,-0.08483685305340681,True
6,water,barber,-0.6409115032590171,0.09631007842752116,False
7,water,broadcaster,-0.09019598555979312,-0.04091199684597946,True
8,water,businessman,-0.7286100943824348,0.1079512251734251,False
9,water,butcher,-2.015902307896792,0.06298544951630611,False
10,water,captain,-1.1479563347896873,0.0938178295379338,False
11,water,carpenter,-0.5235543008848764,0.13098701013679284,False
12,water,chef,-0.18360982375904364,-0.17924878030489322,True
13,water,coach,0.011703144731659159,0.0505515007786836,True
14,water,cook,0.061107033957320124,-0.16340050357443764,False
15,water,dancer,-1.5113323066082136,-0.23056570552094974,True
16,water,designer,-0.4235305468027816,-0.20339375878355906,True
17,water,doctor,0.5030839581989129,-0.014975533705523304,False
18,water,economist,-0.09719546946305484,-0.0021795379954938827,True
19,water,editor,-0.3129515436970049,-0.07578683385086707,True
20,water,engineer,1.0335291063313656,0.08823286826711836,True
21,water,farmer,1.1503592058192371,0.11307946699513464,True
22,water,filmmaker,-0.5926178833316916,-0.08618871808186125,True
23,water,financier,-1.1302545682529153,0.10852530113509704,False
24,water,fisherman,0.71744817654991,0.11242285998798893,True
25,water,gardener,1.5656807094961955,0.012137575823364402,True
26,water,journalist,-0.55281612739842,-0.12644033973548655,True
27,water,judge,-1.0239584318134574,0.06389583781208225,False
28,water,lawyer,-0.7389933701738404,-0.08558188259799134,True
29,water,librarian,-0.1688954515770222,-0.19071393205179807,True
30,water,magician,-2.049142977185952,0.1506184902357129,False
31,water,mechanic,0.1828457129651564,0.11708642257481383,True
32,water,musician,-1.7086730644378498,-0.03620259424105654,True
33,water,nanny,-1.0832048298196275,-0.21088817677403335,True
34,water,nurse,0.7843673765711403,-0.2291111898521028,False
35,water,painter,-0.5668268424505283,-0.07226435865656236,True
36,water,pharmacist,0.39773613061104096,-0.1379667998998511,False
37,water,philosopher,-1.4663099964950168,0.1170962675220032,False
38,water,photographer,-0.7415166518752387,-0.1409946048346118,True
39,water,pilot,-0.09924040848883013,0.08087834249310576,False
40,water,plumber,1.1784914848452512,0.12051943128008265,True
41,water,policeman,-0.634871443393806,0.15371835009107462,False
42,water,politician,-1.335181367255345,0.016928638115939216,False
43,water,professor,-0.21813569717637504,0.025651352808035672,False
44,water,programmer,-0.19114506489096547,-0.016978903687561168,True
45,water,psychologist,-1.1193979033553196,-0.09282743753753353,True
46,water,scientist,1.0940214964930506,0.08615608105175006,True
47,water,scholar,0.07947161024225817,0.04706886613418105,True
48,water,secretary,-1.6222318252758294,-0.19825649684850472,True
49,water,server,-0.5526938962825079,-0.10687006145650008,True
50,water,singer,-1.8094653087562995,-0.20581588363498496,True
51,water,skipper,0.20629975763499325,-0.11313867649070568,False
52,water,soldier,-0.2980096550621411,0.1823279969338876,False
53,water,stylist,-1.3106069365093187,-0.23474065956574555,True
54,water,surgeon,0.08051691209264082,0.04978007564481167,True
55,water,teacher,0.033114984263189706,-0.14985765681151314,False
56,water,translator,-0.7213084312357567,-0.08191988602789403,True
57,water,veterinarian,1.0721411838661867,-0.14603689134349696,False
58,water,waiter,-0.9738438668351084,0.061149928703071774,False
59,water,waitress,-0.8128445260519962,-0.2050640699229982,True
60,water,warrior,-0.8032248178672997,0.09905152852982232,False
61,water,writer,-0.9805856930383834,-0.06854921986759402,True
62,coffee,accountant,0.5685844672790009,0.23164284928874815,True
63,coffee,architect,0.5558963296413244,0.3019787984280348,True
64,coffee,artist,-0.30995289358545663,0.08840913017025542,False
65,coffee,attorney,0.7262445846499431,0.18261696140277792,True
66,coffee,banker,0.7152127171340458,0.3636836010564484,True
67,coffee,bartender,-0.04050570020351984,0.15423882859801427,False
68,coffee,barber,-0.4515032925309738,0.3834961142400252,False
69,coffee,broadcaster,1.0336679199425038,0.242319502444834,True
70,coffee,businessman,0.8994338797887838,0.3594620449335348,True
71,coffee,butcher,-1.4630365337710258,0.3774450388749233,False
72,coffee,captain,-0.6949247734951424,0.2997659046527953,False
73,coffee,carpenter,-0.6088576345906901,0.3858463017608622,False
74,coffee,chef,0.7685030307292553,0.13735591319701654,True
75,coffee,coach,0.12626457220900786,0.15240944202992499,True
76,coffee,cook,-0.13908482628736998,-0.05352426788772992,True
77,coffee,dancer,-1.3623937199366118,-0.14869373903314334,True
78,coffee,designer,1.2664970907630055,-0.03310741940068486,False
79,coffee,doctor,0.53021671136286,0.2419836081220717,True
80,coffee,economist,1.1080152622750137,0.19891533747494272,True
81,coffee,editor,1.2983481800210332,0.1254663067144023,True
82,coffee,engineer,0.8719731036825623,0.3209799330301093,True
83,coffee,farmer,0.28439354200993644,0.3778501725778845,True
84,coffee,filmmaker,0.7925430150623115,0.3282693683643749,True
85,coffee,financier,0.5269223767269888,0.2890305243786178,True
86,coffee,fisherman,-1.4486735602524523,0.36306662790161137,False
87,coffee,gardener,0.06262541020034047,0.25861184679319965,True
88,coffee,journalist,1.0018336243301929,0.16945583802606293,True
89,coffee,judge,-0.4880667714616474,0.24434508195770924,False
90,coffee,lawyer,0.7140046472398315,0.2607781564186352,True
91,coffee,librarian,1.3985009505847266,-0.09533627006675294,False
92,coffee,magician,-1.2089154440724643,0.3398406106801222,False
93,coffee,mechanic,-0.4833156376462373,0.32901610585746993,False
94,coffee,musician,-0.6254854040668609,0.3461419519660293,False
95,coffee,nanny,-0.15526782613829015,-0.2938939128584029,True
96,coffee,nurse,0.2916729609355194,-0.24820940896714064,False
97,coffee,painter,-0.289901367862924,0.30083294524198184,False
98,coffee,pharmacist,0.5612796250421195,0.1698536687150709,True
99,coffee,philosopher,-0.4798616978895763,0.3696494453758761,False
100,coffee,photographer,0.5843311990186123,0.1975743090313008,True
101,coffee,pilot,0.6651692837718798,0.30375152746880274,True
102,coffee,plumber,0.572698344887922,0.4020419794000857,True
103,coffee,policeman,-0.9632903988763236,0.3476055352536535,False
104,coffee,politician,-0.4531617735844789,0.3106781355827919,False
105,coffee,professor,1.3390194004227989,0.3025684429771484,True
106,coffee,programmer,1.8990422847761737,0.23558074265464016,True
107,coffee,psychologist,1.131046848343468,0.07835132130722901,True
108,coffee,scientist,0.9942236475360122,0.3026692039783567,True
109,coffee,scholar,0.0424832071183858,0.30635431844496475,True
110,coffee,secretary,0.5288538662450131,-0.1640916300842903,False
111,coffee,server,0.7927813918579106,-0.08976430062211016,False
112,coffee,singer,-0.7030029852245452,0.03665784617710805,False
113,coffee,skipper,0.25872343798220515,0.15728925322682155,True
114,coffee,soldier,-1.2267840976218414,0.3716546488523961,False
115,coffee,stylist,0.4231634348137495,-0.18509332676921786,False
116,coffee,surgeon,-0.343777746151549,0.2957233403276074,False
117,coffee,teacher,0.5833774093854791,-0.009799625797973643,False
118,coffee,translator,0.2063423151115,-0.012666435609586477,False
119,coffee,veterinarian,0.25971327016474155,0.1465427174763574,True
120,coffee,waiter,0.21645348975131595,0.3502326267063941,True
121,coffee,waitress,-0.13879351667250522,-0.2271292593736409,True
122,coffee,warrior,-2.243407044110422,0.09350698503069883,False
123,coffee,writer,1.1333735352340908,0.24011493377733606,True
124,tea,accountant,0.2270669166006985,0.08021702701890726,True
125,tea,architect,0.5168427262304129,0.07813767118470133,True
126,tea,artist,-0.07840572362698026,-0.02593453603024599,True
127,tea,attorney,-0.16710324297925222,-0.042367912889751946,True
128,tea,banker,0.3808003563826401,0.1364138657045964,True
129,tea,bartender,-0.9407974737445072,-0.037637281569018716,True
130,tea,barber,-0.16669916741539625,0.1209203369396038,False
131,tea,broadcaster,0.7014048656057356,0.045857306645908334,True
132,tea,businessman,0.2411409820908043,0.12136825310675928,True
133,tea,butcher,-1.2740400572941242,0.12311347568644836,False
134,tea,captain,-0.773431218923175,0.0796523770030398,False
135,tea,carpenter,-0.2844412883054683,0.13487366259505307,False
136,tea,chef,0.3352822199708628,-0.03548757143030072,False
137,tea,coach,-0.035624226664063466,-0.011408618455631271,True
138,tea,cook,0.4382637513060682,-0.0366608450099585,False
139,tea,dancer,-1.357150778697895,-0.11948810625325418,True
140,tea,designer,0.7572459997448852,-0.0356925531468538,False
141,tea,doctor,0.6447866798138345,0.04962557424990041,True
142,tea,economist,0.9492608237775214,0.07826155684654218,True
143,tea,editor,0.8963058566582612,0.05561862638401168,True
144,tea,engineer,0.5820692169299341,0.11238963569923063,True
145,tea,farmer,0.8225630870610852,0.1303997788955468,True
146,tea,filmmaker,-0.023985196922442126,0.0044095195643122365,False
147,tea,financier,-0.058233675196513734,0.13137358660663712,False
148,tea,fisherman,-0.5772746744590742,0.0907707552567443,False
149,tea,gardener,1.240671513609614,0.09242740731309304,True
150,tea,journalist,0.4151839817824447,0.028511135548578193,True
151,tea,judge,-0.7611677470496744,0.026120038331856603,False
152,tea,lawyer,0.015852458846547388,0.017240961583040084,True
153,tea,librarian,1.2637484970750656,-0.06028719544425845,False
154,tea,magician,-1.1955946136323508,0.107377074724314,False
155,tea,mechanic,-0.8657368082389456,0.10846828657450673,False
156,tea,musician,-0.6422046873909226,0.036989176670202836,False
157,tea,nanny,-0.08089051172498153,-0.1378824058424652,True
158,tea,nurse,0.3759401548286538,-0.12874934291559198,False
159,tea,painter,-0.11283140186575165,0.05916479098796321,False
160,tea,pharmacist,0.07853895728897288,-0.012231036864698888,False
161,tea,philosopher,-0.057649716822747374,0.12270488400945068,False
162,tea,photographer,0.0631642209017937,0.0041410122981082285,True
163,tea,pilot,-0.3504677116672659,0.06409728137209554,False
164,tea,plumber,0.17508360771942166,0.14537518706772484,True
165,tea,policeman,-0.7715044908574828,0.13044957686843894,False
166,tea,politician,-0.8341787497144865,0.06333859776234539,False
167,tea,professor,1.1879796931348694,0.09253091645991167,True
168,tea,programmer,0.8874562424283914,0.07726069275409096,True
169,tea,psychologist,0.303003041894952,-0.02331069959880171,False
170,tea,scientist,0.6302993169741886,0.11053595842700917,True
171,tea,scholar,1.6100990159488702,0.12801317471991658,True
172,tea,secretary,0.2113170447868599,-0.07300551935705148,False
173,tea,server,0.15413108675388304,-0.08093984344216179,False
174,tea,singer,-0.8400309778906578,-0.06913914915620756,True
175,tea,skipper,0.2270627658750241,0.02602172251186471,True
176,tea,soldier,-1.0518947314906464,0.1189943934521982,False
177,tea,stylist,-0.3945695912137975,-0.12210012593184505,True
178,tea,surgeon,-0.20513333966133648,0.07631816596070466,False
179,tea,teacher,1.0176964990060775,-0.03162238375343457,False
180,tea,translator,0.4837197765885334,-0.004128945230777357,False
181,tea,veterinarian,0.19533756363626836,-0.05363126011914368,False
182,tea,waiter,-0.05249700410636752,0.11502899654057172,False
183,tea,waitress,-0.28453456723577303,-0.11376502278662763,True
184,tea,warrior,-1.779036491318745,0.010045588490505016,False
185,tea,writer,0.8501672503119115,0.04772896714834849,True
186,juice,accountant,-0.4014436089459749,0.1301693741417565,False
187,juice,architect,-0.4786582607193939,0.2815664883026041,False
188,juice,artist,-0.7425181244679516,0.042643661379144736,False
189,juice,attorney,-0.11480170773983865,0.15937053665621734,False
190,juice,banker,-0.2906367270613474,0.3022824152891985,False
191,juice,bartender,0.2853078785626559,0.16284844589381153,True
192,juice,barber,-0.6505199521000895,0.3576696844579197,False
193,juice,broadcaster,0.4192756597456608,0.2296059866045844,True
194,juice,businessman,-0.5072346934677693,0.36638434488685545,False
195,juice,butcher,-1.5606319295843158,0.30162188639444243,False
196,juice,captain,-1.4152572098824447,0.3184905841577805,False
197,juice,carpenter,-1.1312888817356324,0.3969199851588108,False
198,juice,chef,0.8821899176034737,0.06160702726743801,True
199,juice,coach,0.1833239920153079,0.20596658001182874,True
200,juice,cook,-0.2418395294425284,-0.1653343317311703,True
201,juice,dancer,-0.9157542606109634,-0.1664526798686864,True
202,juice,designer,0.32681095615660904,-0.05461702181727632,False
203,juice,doctor,-0.03777160438265687,0.09582111551176152,False
204,juice,economist,-0.026324536282816568,0.12647169622062565,False
205,juice,editor,0.3813542351768846,0.06869593881926919,True
206,juice,engineer,0.5477708692850726,0.35870462773415296,True
207,juice,farmer,0.23508264416829874,0.3426904965115796,True
208,juice,filmmaker,-0.2300768984557105,0.2592747017526923,False
209,juice,financier,-0.5801518085799501,0.28425854773933906,False
210,juice,fisherman,-1.2044667619130065,0.3592281507758691,False
211,juice,gardener,0.9616186227507408,0.18434894809369726,True
212,juice,journalist,-0.0239869653777392,0.07604357692097466,False
213,juice,judge,-0.936512274425006,0.23376107578360994,False
214,juice,lawyer,-0.5275008815642938,0.1711053832738559,False
215,juice,librarian,-0.5335917745913444,-0.2110727894524377,True
216,juice,magician,-1.824015353818155,0.317203186900236,False
217,juice,mechanic,0.1452832472858146,0.3539866878791254,True
218,juice,musician,-1.1004656014151637,0.3193474185671678,False
219,juice,nanny,-0.11490100533312833,-0.3334301199316376,True
220,juice,nurse,0.4314690050382653,-0.3036865140561917,False
221,juice,painter,-0.6964384179041309,0.2262320262431443,False
222,juice,pharmacist,-0.06622763671876554,0.08446729427769299,False
223,juice,philosopher,-2.0057555463692833,0.24754338723916824,False
224,juice,photographer,-0.01648490083810461,0.15347140799255146,False
225,juice,pilot,-0.03608639525997789,0.3554134865383661,False
226,juice,plumber,0.4411725474520313,0.3947168407318483,True
227,juice,policeman,-1.2162651239828932,0.35457655855977965,False
228,juice,politician,-1.4776673869786388,0.18610324942077808,False
229,juice,professor,-0.5870994118536416,0.19246680392391147,False
230,juice,programmer,0.7617448504577097,0.2512913393372024,True
231,juice,psychologist,-0.4531500254912632,0.02490291334022033,False
232,juice,scientist,0.3850065453260423,0.2533650824987821,True
233,juice,scholar,-1.4604464050835235,0.1973807157557026,False
234,juice,secretary,-0.3238122652819273,-0.2518761403390423,True
235,juice,server,0.21341445300900946,-0.011626410080884969,False
236,juice,singer,-1.0568361312861387,-0.03419761031842715,True
237,juice,skipper,-0.3221138067031548,0.1382903097097723,False
238,juice,soldier,-1.489617464090541,0.3806911386143828,False
239,juice,stylist,0.2370833259878432,-0.2326913228631695,False
240,juice,surgeon,-0.4948865312310566,0.2420663445122136,False
241,juice,teacher,-0.1286813236581614,-0.15109325836625556,True
242,juice,translator,-0.6477239330035331,-0.10291256890025297,True
243,juice,veterinarian,0.1961167926626056,0.07991673189532507,True
244,juice,waiter,0.22741571785972214,0.3381400724394285,True
245,juice,waitress,0.05753966085821882,-0.2780805763780137,False
246,juice,warrior,-2.001939972640515,0.11581402295794944,False
247,juice,writer,-0.6097768157948347,0.14834850277762018,False
248,milk,accountant,-1.0174082566475202,0.05387659872525289,False
249,milk,architect,-1.2887310163142565,0.016250739966454018,False
250,milk,artist,-1.0862388650060322,-0.10800768317870957,True
251,milk,attorney,-1.5723261576754983,-0.057872855770738765,True
252,milk,banker,-0.8347023629655675,0.1193244165283394,False
253,milk,bartender,-1.733674311694097,-0.02803269067841331,True
254,milk,barber,-0.7220196047422264,0.1329869181045071,False
255,milk,broadcaster,-0.2808296357530227,-0.0017342663376516928,True
256,milk,businessman,-1.0848967529127276,0.10137999335066908,False
257,milk,butcher,0.06931406524770496,0.1584722310771809,True
258,milk,captain,-1.5213551715060072,0.08572680998913583,False
259,milk,carpenter,-0.5148935695305027,0.1480544507889615,False
260,milk,chef,-0.22327676237811908,-0.08396324076849081,True
261,milk,coach,-0.4472100816049093,-0.022008378576986492,True
262,milk,cook,0.5095432738234039,-0.04954255216899795,False
263,milk,dancer,-2.559102459650002,-0.15493053099657927,True
264,milk,designer,-0.9923002554899358,-0.14683009512874287,True
265,milk,doctor,-0.2160327131740951,0.07886669452377905,False
266,milk,economist,-0.3727068471657521,0.0372311791084852,False
267,milk,editor,-0.22459544945636864,-0.040346821972811794,True
268,milk,engineer,-0.08760423306853908,0.08403631465770646,False
269,milk,farmer,1.8424794428541789,0.1414266158294741,True
270,milk,filmmaker,-1.5052014297941312,-0.049621003852277516,True
271,milk,financier,-1.329881903813098,0.1124498737623542,False
272,milk,fisherman,-0.9339092402359614,0.11274871498713168,False
273,milk,gardener,0.41811046812408376,0.08651841731570489,True
274,milk,journalist,-1.1738728078823732,-0.05203590254102322,True
275,milk,judge,-1.7119751155652079,0.060145735642764764,False
276,milk,lawyer,-1.618099722822269,0.006728650991186639,False
277,milk,librarian,-0.7627867394402382,-0.08920787761218438,True
278,milk,magician,-2.969842786974095,0.13651199723225044,False
279,milk,mechanic,-0.4357588262553357,0.12782819605683315,False
280,milk,musician,-2.7779805422226,0.00035302084513842,False
281,milk,nanny,0.7194832447243764,-0.1483869987367138,False
282,milk,nurse,0.9418475447835036,-0.1434623084259031,False
283,milk,painter,-0.9125772303785976,0.01892064534839209,False
284,milk,pharmacist,0.12858971241304035,-0.030223451082013183,False
285,milk,philosopher,-2.4132623398806508,0.1510793428330368,False
286,milk,photographer,-1.6007931962096484,-0.07421069121607035,True
287,milk,pilot,-1.187432094538439,0.05591239679774671,False
288,milk,plumber,-0.32681965266341856,0.16033402631011298,False
289,milk,policeman,-1.4040988125745129,0.1481299725584986,False
290,milk,politician,-2.1469839024013133,0.04136477921424201,False
291,milk,professor,-0.631290448621207,0.06743774937038306,False
292,milk,programmer,-1.4095539578279022,0.01910160944215396,False
293,milk,psychologist,-1.6203783384836432,-0.049452787315226884,True
294,milk,scientist,-0.3785990911395816,0.1039190880324356,False
295,milk,scholar,-1.0228799207153247,0.09116434129634747,False
296,milk,secretary,-1.1433168485701797,-0.08694459311530052,True
297,milk,server,-0.5470253984629804,-0.11991505672916065,True
298,milk,singer,-2.0550327063452665,-0.10038060017619227,True
299,milk,skipper,-0.5672994685717517,-0.04338697128157088,True
300,milk,soldier,-0.9046746144741632,0.1677795387820759,False
301,milk,stylist,-1.6409368056387637,-0.18072308898613126,True
302,milk,surgeon,-0.6511107546859739,0.08510151532225818,False
303,milk,teacher,0.3142018000805664,-0.0480798637596597,False
304,milk,translator,-0.384107031388835,-0.016906387328729466,True
305,milk,veterinarian,0.6715047021139788,-0.05918717167097149,False
306,milk,waiter,-0.8210853907221866,0.12288032800970937,False
307,milk,waitress,-0.5349053897024973,-0.12364383368391013,True
308,milk,warrior,-2.1390587605281324,0.08242739796536079,False
309,milk,writer,-1.383789853646588,-0.023191356825969477,True
310,soda,accountant,-0.09047976902698401,0.19904622031890648,False
311,soda,architect,-0.4507600070561847,0.3473741056319492,False
312,soda,artist,-0.5722671668946551,0.021997720303901444,False
313,soda,attorney,0.509801437215716,0.31329674621645426,True
314,soda,banker,0.10483699722267104,0.36339096018102335,True
315,soda,bartender,1.1144031583793272,0.2053321212662588,True
316,soda,barber,-1.073399310423563,0.3771434489669003,False
317,soda,broadcaster,0.9571777390176108,0.3974077784904334,True
318,soda,businessman,0.039583084065602785,0.4074567566005661,True
319,soda,butcher,-2.3738221342904664,0.2397013650854071,False
320,soda,captain,-0.5784505274530279,0.30185207551375226,False
321,soda,carpenter,-1.4357534968967562,0.4340261952628162,False
322,soda,chef,0.3890216071521589,0.06263455383715369,True
323,soda,coach,-0.030873656958193295,0.2666766569026192,False
324,soda,cook,-0.9969009627404604,-0.2288534253906677,True
325,soda,dancer,-0.7812816164464648,-0.20553267997160085,True
326,soda,designer,0.6018634744757829,-0.01867182487511066,False
327,soda,doctor,0.11285485930927032,-0.004268976978729721,False
328,soda,economist,-0.08714757804332025,0.15428123881236466,False
329,soda,editor,-0.2457482873395941,0.1246120527361046,False
330,soda,engineer,0.528641259732431,0.391087519108387,True
331,soda,farmer,-0.89313185723776,0.37616221820110535,False
332,soda,filmmaker,0.5673540276235277,0.3853708801872554,True
333,soda,financier,-0.493711998885117,0.29427275048657825,False
334,soda,fisherman,-1.0318816178604906,0.3652360005511182,False
335,soda,gardener,-0.9499608198151928,0.11794203492675355,False
336,soda,journalist,-0.2158359433621339,0.09084462487594552,False
337,soda,judge,-0.1360336741036504,0.30671759169726115,False
338,soda,lawyer,0.18858871032854568,0.2420651762829507,True
339,soda,librarian,0.5596011971351602,-0.16763770886990545,False
340,soda,magician,-1.5514721494621146,0.2126577722179453,False
341,soda,mechanic,-0.10161854442116697,0.3277625858357243,False
342,soda,musician,-0.6110166557118644,0.3838716803514973,False
343,soda,nanny,0.004867582599823972,-0.3578070986130164,False
344,soda,nurse,0.19942023543815532,-0.27334243246835016,False
345,soda,painter,-0.9137132640871524,0.1843490035998947,False
346,soda,pharmacist,0.6022411582708705,0.1806496941046928,True
347,soda,philosopher,-1.4949321785204648,0.20836063208521888,False
348,soda,photographer,-0.3283971924398279,0.22421126550133666,False
349,soda,pilot,0.27139238827039713,0.44703984674458747,True
350,soda,plumber,0.9336783448562008,0.4268313858676117,True
351,soda,policeman,-0.8787328688973893,0.34491435995725744,False
352,soda,politician,-0.3483598499779067,0.2192431792911082,False
353,soda,professor,0.11910683468457473,0.2136839631468989,True
354,soda,programmer,1.3566406469285228,0.3139821660463365,True
355,soda,psychologist,0.5342373136816289,0.08698844720144465,True
356,soda,scientist,0.8965627598915669,0.2649045157932858,True
357,soda,scholar,-1.3406245548646814,0.22836502248382434,False
358,soda,secretary,0.16269232170263814,-0.2638902818567868,False
359,soda,server,0.3567703093380124,-0.04866599875446858,False
360,soda,singer,-0.6058774041972456,-0.09146462483397036,True
361,soda,skipper,-0.038732096513669614,0.2563462451949308,False
362,soda,soldier,-1.0737739098536632,0.30297556128616715,False
363,soda,stylist,0.459552253272266,-0.2529807582901347,False
364,soda,surgeon,-0.9986986591106289,0.22053921091228584,False
365,soda,teacher,-0.2431700919712043,-0.1815574435269569,True
366,soda,translator,-1.5787261426655606,-0.2897726062530432,True
367,soda,veterinarian,-0.06789269533075956,0.1925623382165672,False
368,soda,waiter,0.3924778696577732,0.2494765490083046,True
369,soda,waitress,0.4596028811173524,-0.29876538844726563,False
370,soda,warrior,-2.2107651851106818,-0.010801198244836632,True
371,soda,writer,-0.2369210437378626,0.242829771814948,False
372,energy drink,accountant,0.24449706960354184,0.147123132671728,True
373,energy drink,architect,-0.06932098650322703,0.4088174626300098,False
374,energy drink,artist,-0.8253394031251766,0.05211788453869238,False
375,energy drink,attorney,0.5474751771525299,0.2833297948053899,True
376,energy drink,banker,0.4064797095746551,0.3301740303252349,True
377,energy drink,bartender,0.3373096633110079,0.17825934320904607,True
378,energy drink,barber,-1.4308588680969063,0.3687368154617756,False
379,energy drink,broadcaster,0.8849123301468571,0.4296883285816432,True
380,energy drink,businessman,1.016855378641539,0.4501692721864918,True
381,energy drink,butcher,-3.521630686505987,0.2205401182344888,False
382,energy drink,captain,-0.4041343059064864,0.3763776796684277,False
383,energy drink,carpenter,-2.15044877479018,0.4119450326249436,False
384,energy drink,chef,1.1782698315446556,0.09381913282081107,True
385,energy drink,coach,1.877694987977812,0.361007868597307,True
386,energy drink,cook,-1.2424062663387865,-0.2499412699316019,True
387,energy drink,dancer,0.44644233102166997,-0.19293268737773825,False
388,energy drink,designer,1.0583566125252541,0.010277382052374105,True
389,energy drink,doctor,0.5415433788149947,-0.0054090376088292745,False
390,energy drink,economist,0.07293335941108092,0.21014493466507428,True
391,energy drink,editor,0.2880642039313457,0.1053174589586946,True
392,energy drink,engineer,1.5148305237565418,0.4502153239134741,True
393,energy drink,farmer,-0.9077750832764352,0.386183653653702,False
394,energy drink,filmmaker,-0.07722424935096152,0.418038492573442,False
395,energy drink,financier,0.2850292666479008,0.3301423716390965,True
396,energy drink,fisherman,-1.8614087234464705,0.38289220661090695,False
397,energy drink,gardener,-1.075187730004746,0.08187265502605749,False
398,energy drink,journalist,0.45787590910706394,0.17220196667017704,True
399,energy drink,judge,-0.8768858728332471,0.2848647714154246,False
400,energy drink,lawyer,-0.02134757487510489,0.21978317849036627,False
401,energy drink,librarian,-0.9007389568344532,-0.18321624369901934,True
402,energy drink,magician,-1.4491048405443336,0.1969401887792386,False
403,energy drink,mechanic,0.5445531102298383,0.35616123991345394,True
404,energy drink,musician,-0.6205630700374707,0.39758270069888335,False
405,energy drink,nanny,-0.3806925610427683,-0.35042885057557155,True
406,energy drink,nurse,0.6745110970910195,-0.2900592650571848,False
407,energy drink,painter,-1.4943332251638082,0.18303711077468432,False
408,energy drink,pharmacist,0.2389349601985717,0.206071471968771,True
409,energy drink,philosopher,-2.2243527953518685,0.17337318711000402,False
410,energy drink,photographer,0.18816383513553425,0.2542335205051355,True
411,energy drink,pilot,1.919199380587265,0.489575766182781,True
412,energy drink,plumber,0.1584723104305543,0.3786495756791331,True
413,energy drink,policeman,-1.0671153721456916,0.3831397293855323,False
414,energy drink,politician,0.06177169514911751,0.2872810410211831,True
415,energy drink,professor,-0.29495948624520346,0.2530974860379539,False
416,energy drink,programmer,1.7264766109039085,0.3096336482803353,True
417,energy drink,psychologist,0.37159033606936703,0.1073597760418827,True
418,energy drink,scientist,1.5175583511451431,0.3210030252543821,True
419,energy drink,scholar,-1.5642410296859242,0.2724276394659513,False
420,energy drink,secretary,-0.2874023575586443,-0.31496434397064604,True
421,energy drink,server,0.7344858460073499,0.00270258181184638,True
422,energy drink,singer,-0.4920477587002146,-0.10042035058267068,True
423,energy drink,skipper,-0.06651833359611993,0.3430504869841378,False
424,energy drink,soldier,-0.6882767437049234,0.3270779164131287,False
425,energy drink,stylist,1.1513353114626654,-0.21605514169022533,False
426,energy drink,surgeon,-0.3700530519544176,0.2821308328906528,False
427,energy drink,teacher,-0.10163760565371732,-0.1959931745820916,True
428,energy drink,translator,-1.5367231975575049,-0.21643328957816954,True
429,energy drink,veterinarian,-0.2549129732478101,0.2199685461101682,False
430,energy drink,waiter,-0.33318180825061683,0.2513424728608845,False
431,energy drink,waitress,-0.13963498948648906,-0.3221840675628036,True
432,energy drink,warrior,-0.7565247728752352,-0.016310224658037036,True
433,energy drink,writer,-0.5648983350553792,0.19259700344407124,False
434,milkshake,accountant,0.4400848076608115,0.14778446168304776,True
435,milkshake,architect,0.07252684262790139,0.27760844562335435,True
436,milkshake,artist,-0.4070363055837149,0.014752416399939431,False
437,milkshake,attorney,0.8076942110271972,0.2626848414190735,True
438,milkshake,banker,0.2438311202170884,0.2603135041987265,True
439,milkshake,bartender,1.0619193923632737,0.1651168642829876,True
440,milkshake,barber,-0.5495732776320695,0.28062048546826496,False
441,milkshake,broadcaster,1.1183813294364289,0.3931854757046005,True
442,milkshake,businessman,0.4217419752705645,0.3143987239914781,True
443,milkshake,butcher,-1.962576017110189,0.10708494309838794,False
444,milkshake,captain,-0.7399463806920422,0.2369900761720169,False
445,milkshake,carpenter,-2.1791563517663923,0.32848171332007936,False
446,milkshake,chef,1.2457919031314808,0.03027535896305322,True
447,milkshake,coach,0.4735298126937426,0.2630537045360313,True
448,milkshake,cook,-0.4508318265393766,-0.21172572658916367,True
449,milkshake,dancer,-0.5429111729377109,-0.15024947336021946,True
450,milkshake,designer,1.0381027757441206,0.014632173321167704,True
451,milkshake,doctor,0.0021203588552391093,-0.14328563868010188,False
452,milkshake,economist,0.5377732581392767,0.09251551539551536,True
453,milkshake,editor,0.8367960302966274,0.14035046595729034,True
454,milkshake,engineer,0.839795249226901,0.3104041961044963,True
455,milkshake,farmer,-0.47267937886925804,0.2896404829642321,False
456,milkshake,filmmaker,0.9176732355396656,0.334052496258452,True
457,milkshake,financier,0.09460256521923163,0.21175385223118068,True
458,milkshake,fisherman,-1.9104668816551107,0.2502813267786038,False
459,milkshake,gardener,-1.0960973388033968,0.07081454356944802,False
460,milkshake,journalist,0.277192268515433,0.0589565762178213,True
461,milkshake,judge,0.10590158651344657,0.2388206409215132,True
462,milkshake,lawyer,0.2343578526176124,0.1398131122313539,True
463,milkshake,librarian,0.2736384180765621,-0.1338860187299541,False
464,milkshake,magician,-1.1327708730764003,0.0945083713417436,False
465,milkshake,mechanic,-0.9345697687546382,0.21923454589371127,False
466,milkshake,musician,-1.0583335081558796,0.2975020881765542,False
467,milkshake,nanny,0.4219129738362608,-0.2635638146575194,False
468,milkshake,nurse,0.18450739092945453,-0.18527030810523745,False
469,milkshake,painter,-1.3166241760715691,0.07217392876956161,False
470,milkshake,pharmacist,0.3232596911323208,0.11496020889454032,True
471,milkshake,philosopher,-1.6751249456121415,0.052431143070079886,False
472,milkshake,photographer,0.2845031345643454,0.2079232737793576,True
473,milkshake,pilot,-0.11328867311120255,0.3838236100450688,False
474,milkshake,plumber,0.10080896137861732,0.3123646124105056,True
475,milkshake,policeman,-1.1665451170714958,0.2539436608464411,False
476,milkshake,politician,-0.3308505574882209,0.11992271042127645,False
477,milkshake,professor,0.4895351045089792,0.09549058036806916,True
478,milkshake,programmer,1.202012278970629,0.2631389188066779,True
479,milkshake,psychologist,0.6221143331697734,0.027196911256886596,True
480,milkshake,scientist,0.9813825823059108,0.1753301969353161,True
481,milkshake,scholar,-1.4406643638954681,0.16081876788023775,False
482,milkshake,secretary,0.15582862657431507,-0.22275330655287431,False
483,milkshake,server,0.8375424775124056,-0.05068621367904392,False
484,milkshake,singer,-0.6144607428841599,-0.11089717061330516,True
485,milkshake,skipper,0.0003901823238100686,0.2963986235956222,True
486,milkshake,soldier,-1.6503085841352734,0.184182855968072,False
487,milkshake,stylist,1.0360168029409922,-0.1952655136704238,False
488,milkshake,surgeon,-0.8412402586042076,0.11506432913921914,False
489,milkshake,teacher,0.14354626766417494,-0.21958447096814207,False
490,milkshake,translator,-0.8549715544492069,-0.3848364217406395,True
491,milkshake,veterinarian,0.009640451886953543,0.1796349662855374,True
492,milkshake,waiter,0.5319158809030116,0.12035652675775448,True
493,milkshake,waitress,0.3223206815144325,-0.2345008736476273,False
494,milkshake,warrior,-2.5230592489895285,-0.054711759545870015,True
495,milkshake,writer,-0.4126802658788724,0.19862514879202126,False
496,smoothie,accountant,0.5342389943054077,0.09025166683654537,True
497,smoothie,architect,0.7764921612637465,0.3299324383620967,True
498,smoothie,artist,0.2182505694391283,0.025484440159504712,True
499,smoothie,attorney,1.0176544558619487,0.21275961092885987,True
500,smoothie,banker,-0.06264238579225596,0.2505000126375717,False
501,smoothie,bartender,0.8181656505436348,0.14154191568194224,True
502,smoothie,barber,-1.2859151443447594,0.2885156010424417,False
503,smoothie,broadcaster,1.0101088223014492,0.3640353760856806,True
504,smoothie,businessman,0.03750527941366369,0.3713043009456024,True
505,smoothie,butcher,-2.7787203550574704,0.1477860003868465,False
506,smoothie,captain,-1.0892954749644292,0.3136189708225435,False
507,smoothie,carpenter,-2.2212569178350727,0.3358732141385137,False
508,smoothie,chef,1.9882159078344668,0.055749598669597764,True
509,smoothie,coach,1.0734775027355166,0.3066965844712513,True
510,smoothie,cook,-0.280852583883384,-0.233968335766684,True
511,smoothie,dancer,-0.3378451029350135,-0.17620370596921506,True
512,smoothie,designer,1.9505340929744528,0.006983246235130038,True
513,smoothie,doctor,0.13459237287093126,-0.08127237973158273,False
514,smoothie,economist,0.5988198549125064,0.15335468708361286,True
515,smoothie,editor,1.8345921843148876,0.0916848463872416,True
516,smoothie,engineer,1.2717005674584656,0.384866487045565,True
517,smoothie,farmer,-0.44766699145834143,0.31428253055419153,False
518,smoothie,filmmaker,0.8885318320370488,0.33552865711983165,True
519,smoothie,financier,-0.13834890227050844,0.26785332238408444,False
520,smoothie,fisherman,-1.8248123799792,0.31369295064377634,False
521,smoothie,gardener,-0.1748454360265185,0.04579388611458719,False
522,smoothie,journalist,0.8483078109020333,0.11867440996210678,True
523,smoothie,judge,-0.8923417185445578,0.21429915612708456,False
524,smoothie,lawyer,0.04006645524299325,0.13816730353747764,True
525,smoothie,librarian,0.2575612976678089,-0.17987688591965714,False
526,smoothie,magician,-1.579932600066551,0.12570027160034558,False
527,smoothie,mechanic,-0.9139755469945218,0.29163946707997035,False
528,smoothie,musician,-0.4282668995921667,0.303224227329868,False
529,smoothie,nanny,0.7786025071814767,-0.2977095759128575,False
530,smoothie,nurse,0.4351475569362463,-0.25272983343786704,False
531,smoothie,painter,-0.9513516221715794,0.11584935557814904,False
532,smoothie,pharmacist,-0.2915104892968405,0.14638729162286893,False
533,smoothie,philosopher,-1.9082368676784227,0.0777837936179006,False
534,smoothie,photographer,1.1447454072374168,0.19856170171045548,True
535,smoothie,pilot,0.3726622401342601,0.4231162111154764,True
536,smoothie,plumber,-0.35781040274164044,0.30389617372867944,False
537,smoothie,policeman,-2.1658095775915256,0.3117481088787765,False
538,smoothie,politician,-1.2055688400855078,0.19390932983807285,False
539,smoothie,professor,0.15787851137746658,0.1642486400022895,True
540,smoothie,programmer,2.15385106641488,0.2635602488250213,True
541,smoothie,psychologist,0.5919327610676651,0.0440434069262082,True
542,smoothie,scientist,1.0713830514734155,0.24928626643231205,True
543,smoothie,scholar,-1.0452452593131272,0.2037969193180945,False
544,smoothie,secretary,-0.28527082726152764,-0.29028968181870823,True
545,smoothie,server,1.0295511366269208,0.02467274090463137,True
546,smoothie,singer,-0.30375722224752594,-0.133297432684237,True
547,smoothie,skipper,0.13430194703307227,0.3332278771711702,True
548,smoothie,soldier,-1.7951528650463235,0.2525352718718231,False
549,smoothie,stylist,1.5825524196345684,-0.19887723160539844,False
550,smoothie,surgeon,-0.5360079504096135,0.2033555834697673,False
551,smoothie,teacher,0.29144542154596376,-0.2261054487172172,False
552,smoothie,translator,-0.20357229864971205,-0.2356632389471615,True
553,smoothie,veterinarian,0.196735541347236,0.16921984033836834,True
554,smoothie,waiter,-0.061324763685872925,0.18225711927483548,False
555,smoothie,waitress,-0.1500769025160366,-0.2803496570173243,True
556,smoothie,warrior,-1.7491979776126974,-0.02930529057203437,True
557,smoothie,writer,0.4221195740049123,0.13290140050647412,True
558,alcohol,accountant,-0.5621763883954616,0.07988117913478443,False
559,alcohol,architect,-0.6091240932745685,-0.011500529214466744,True
560,alcohol,artist,-0.6434901313003601,0.059018223305757525,False
561,alcohol,attorney,-0.16843083030640826,0.020021929955089668,False
562,alcohol,banker,-0.15607660947517413,0.05173889203688211,False
563,alcohol,bartender,0.9110057370440708,0.0423907432008377,True
564,alcohol,barber,-0.26966812969926257,0.01710267578880368,False
565,alcohol,broadcaster,0.12971852246842372,-0.011349071636715604,False
566,alcohol,businessman,0.4773633851359349,-0.01780504997310333,False
567,alcohol,butcher,-0.4820041301122571,0.08164194700932663,False
568,alcohol,captain,-0.7473221064545842,0.04451368064944905,False
569,alcohol,carpenter,-0.6088147107139338,0.013281943784346929,False
570,alcohol,chef,0.30444203537917114,0.051839366869122466,True
571,alcohol,coach,-0.2548621258878821,-0.054674095278482736,True
572,alcohol,cook,-0.506980676806502,0.08061918049534754,False
573,alcohol,dancer,0.182243338981032,0.05350101511070995,True
574,alcohol,designer,0.08008193997195555,0.021174556315170668,True
575,alcohol,doctor,-0.3861306245799739,0.10970857601559568,False
576,alcohol,economist,-0.8114462584049991,0.012520134889690443,False
577,alcohol,editor,-0.8807887783515025,0.056468704216077324,False
578,alcohol,engineer,-0.4941278005997426,-0.027014858336689814,True
579,alcohol,farmer,-0.5987985351633877,0.018146983492932298,False
580,alcohol,filmmaker,-0.0878263618770446,0.02955259407774868,False
581,alcohol,financier,-0.10513331396745552,-0.008830656198396944,True
582,alcohol,fisherman,-0.7041853840315637,0.008246857472800417,False
583,alcohol,gardener,-0.6307854263023679,0.06489906132514196,False
584,alcohol,journalist,-0.10286761461194324,0.04035686302487768,False
585,alcohol,judge,-0.3967125283303032,0.003346251723147313,False
586,alcohol,lawyer,-0.23589499378455536,0.05407894540791256,False
587,alcohol,librarian,-0.751948580333157,0.06495216360452903,False
588,alcohol,magician,-0.6797681637200821,0.08046366088490976,False
589,alcohol,mechanic,0.0051728635972993296,-0.003952385025256501,False
590,alcohol,musician,0.1571556327730756,0.05766655387856307,True
591,alcohol,nanny,-0.17408977104906195,0.03043346280893086,False
592,alcohol,nurse,-0.20859364019664545,0.050005392553613984,False
593,alcohol,painter,-0.4770856207911826,0.053977804666478335,False
594,alcohol,pharmacist,-0.3009145050965603,0.026749430613554757,False
595,alcohol,philosopher,-0.598929360051874,0.14405676779977525,False
596,alcohol,photographer,-0.2360901470729529,0.024073616017210645,False
597,alcohol,pilot,0.012000659057786918,-0.0266384928745966,False
598,alcohol,plumber,0.17088788014930958,0.035737156210998745,True
599,alcohol,policeman,-0.08201440166902292,-0.002384907234860943,True
600,alcohol,politician,-0.03258515410659698,0.033895453786394684,False
601,alcohol,professor,-0.2495978513929601,0.06556385186355952,False
602,alcohol,programmer,-0.06129810064005551,0.0010837860584352928,False
603,alcohol,psychologist,-0.02282086182676297,0.0607987419166329,False
604,alcohol,scientist,-0.744622757208478,0.038802009334513714,False
605,alcohol,scholar,-1.3945312754396249,0.07800679788802596,False
606,alcohol,secretary,-0.3898983814681851,0.07292276681747842,False
607,alcohol,server,-0.1375509149257261,-0.04777273263307825,True
608,alcohol,singer,0.09284881541766772,0.11128360603756507,True
609,alcohol,skipper,-0.7353003947537505,-0.0485952364042507,True
610,alcohol,soldier,-0.4559155404448906,0.049819853090901305,False
611,alcohol,stylist,0.022652127958741483,0.02851800262568057,True
612,alcohol,surgeon,-0.4736635678453927,0.01990961075477124,False
613,alcohol,teacher,-0.5781571788864567,0.08414767281275992,False
614,alcohol,translator,-1.1275510105221769,0.06891704428682206,False
615,alcohol,veterinarian,-0.2463230941439946,0.015592425693544285,False
616,alcohol,waiter,0.4108144868988463,0.0402948579849621,True
617,alcohol,waitress,0.3924794854008488,0.05449491545822898,True
618,alcohol,warrior,-1.259390855818594,0.12128979668529008,False
619,alcohol,writer,-0.4971468806664656,0.09347502299356064,False
620,liquor,accountant,-0.9895190744701908,-0.012586136020941371,True
621,liquor,architect,-1.24064879118053,-0.06144006303661863,True
622,liquor,artist,-0.6534908431197124,-0.08381136524845692,True
623,liquor,attorney,-0.6571474923603876,-0.05847773749040613,True
624,liquor,banker,-0.4081315624077957,0.039948558491299635,False
625,liquor,bartender,0.9283883786612579,-0.031473480970162525,False
626,liquor,barber,0.2785395312463957,0.031582530677076136,True
627,liquor,broadcaster,-0.6201242657123086,-0.11040214246698593,True
628,liquor,businessman,0.05525885353195128,0.016208587623866105,True
629,liquor,butcher,0.4233612528026225,0.07446640404729378,True
630,liquor,captain,-0.010094791942824085,0.07721351232220673,False
631,liquor,carpenter,-0.3135398067396845,0.022532093916734976,False
632,liquor,chef,-0.4818358445545908,-0.0568237088383366,True
633,liquor,coach,-0.3759516710146185,-0.05574957775168747,True
634,liquor,cook,0.16157615764361954,0.009344930374583078,True
635,liquor,dancer,0.10310356850061524,-0.035070550069222266,False
636,liquor,designer,-0.8935055698491097,-0.13828786922994155,True
637,liquor,doctor,-0.6888372596836985,0.11391565266356747,False
638,liquor,economist,-1.0123262211096604,0.00524687347231197,False
639,liquor,editor,-1.3486163296469391,-0.12182179835790552,True
640,liquor,engineer,-0.9558805193998312,-0.02157691768711041,True
641,liquor,farmer,-0.10321469740826594,0.023059230709621733,False
642,liquor,filmmaker,-0.8555297642601517,-0.11509099380886685,True
643,liquor,financier,-0.3077049463268399,0.0517831360002676,False
644,liquor,fisherman,0.07147503912732933,0.048877849931631925,True
645,liquor,gardener,-0.4645302494834068,0.0062789722230439425,False
646,liquor,journalist,-0.9376485901916444,-0.06716497259488162,True
647,liquor,judge,-0.2937083965693025,0.011975098503027472,False
648,liquor,lawyer,-0.8254247429333539,-0.006232248663326057,True
649,liquor,librarian,-1.2347153301067506,-0.07314566380932078,True
650,liquor,magician,-0.7354393378631291,0.08837593785882536,False
651,liquor,mechanic,-0.2902661869111948,0.038171687079200496,False
652,liquor,musician,0.02250375964228707,-0.06476748602028995,False
653,liquor,nanny,-0.7203271800341869,-0.04825647137996465,True
654,liquor,nurse,-0.4573525559646376,-0.059751964762883865,True
655,liquor,painter,-0.4408667391776363,-0.016213967360706842,True
656,liquor,pharmacist,-0.6368820751555494,-0.0515769954559208,True
657,liquor,philosopher,-0.8197937110072053,0.06237903214179495,False
658,liquor,photographer,-1.0150946014531776,-0.12096718663496402,True
659,liquor,pilot,-0.3413618065626988,-0.02497157696242308,True
660,liquor,plumber,-0.5646695279664075,0.03114723270188517,False
661,liquor,policeman,0.02060021876086988,0.05343378935775142,True
662,liquor,politician,-0.3509833895951251,0.02476623679611083,False
663,liquor,professor,-0.6713282234237425,0.017878380760857668,False
664,liquor,programmer,-1.4617841827156528,-0.10758398379021776,True
665,liquor,psychologist,-1.1862268946935484,-0.0603550606813081,True
666,liquor,scientist,-1.3124962348982645,-0.01679100757523015,True
667,liquor,scholar,-0.8447680252537622,-0.031551583292480485,True
668,liquor,secretary,-0.7761363533377167,-0.011797131260300069,True
669,liquor,server,-0.5090303259599501,-0.12070538642032524,True
670,liquor,singer,0.13172097678053693,-0.0010541755578326888,False
671,liquor,skipper,-0.1178672379254682,-0.09688095630395596,True
672,liquor,soldier,0.16122489657874484,0.08240818477288109,True
673,liquor,stylist,-0.7908596212073263,-0.10001587272038263,True
674,liquor,surgeon,-0.6800585566615718,0.02074564880328393,False
675,liquor,teacher,-0.8754459580511733,0.0051829382201831215,False
676,liquor,translator,-1.3384925570110255,0.041574911451690906,False
677,liquor,veterinarian,-0.6609701172043053,-0.09381771030611244,True
678,liquor,waiter,0.18485270056004774,0.06765619277154895,True
679,liquor,waitress,-0.006262002965198455,-0.026906251509377,True
680,liquor,warrior,-0.8611326486555592,0.0644705320244806,False
681,liquor,writer,-0.9185747796957692,-0.07907013127181088,True
682,beer,accountant,0.1837453457547587,0.2272152688169948,True
683,beer,architect,0.1674068095977138,0.2943737086771346,True
684,beer,artist,-0.5289529385738264,0.05466190583957119,False
685,beer,attorney,0.3271072202498796,0.17975588225811506,True
686,beer,banker,0.19219059786640966,0.33525030942601164,True
687,beer,bartender,1.336347141488566,0.1906750906154001,True
688,beer,barber,-0.4373205314388012,0.3576278486120366,False
689,beer,broadcaster,0.9756487501276982,0.32920012876129945,True
690,beer,businessman,0.4853066076010789,0.3294243453410933,True
691,beer,butcher,-0.5116555942498018,0.3377296458301719,False
692,beer,captain,0.41142265249079396,0.3016447082892408,True
693,beer,carpenter,-0.19441368667625988,0.3994102362453916,False
694,beer,chef,0.5435609128238224,0.06850266855905693,True
695,beer,coach,0.16806345818534776,0.17441019364076318,True
696,beer,cook,-0.4289910040255017,-0.14606767903354645,True
697,beer,dancer,-1.1561787840941902,-0.1991360906461618,True
698,beer,designer,0.327763990554585,-0.00345401883657048,False
699,beer,doctor,-0.20565608486803694,0.07789951548954582,False
700,beer,economist,0.19588933944803008,0.12839913947186565,True
701,beer,editor,-0.04319270912942878,0.18565805571906505,False
702,beer,engineer,0.6078649314059398,0.3360404232389493,True
703,beer,farmer,0.8143577757040615,0.3643918130574397,True
704,beer,filmmaker,0.5917535483675137,0.3446026168547785,True
705,beer,financier,-0.032406772507986216,0.23663069194830474,False
706,beer,fisherman,0.19887556365477013,0.3399613572684794,True
707,beer,gardener,-0.22181336493717746,0.19460497802754384,False
708,beer,journalist,0.3129898126354925,0.12179552586289295,True
709,beer,judge,-0.1936183689914205,0.2060770254568912,False
710,beer,lawyer,0.2311209517764941,0.19994486320275734,True
711,beer,librarian,0.23290060337757784,-0.06836698392611792,False
712,beer,magician,-1.1755035042736672,0.3016279970463541,False
713,beer,mechanic,0.14368383620721126,0.31549713448354705,True
714,beer,musician,-0.03976680946981071,0.3794691100170629,False
715,beer,nanny,-0.3149449081830621,-0.31513817567018376,True
716,beer,nurse,-0.10942242866653897,-0.2362161633811742,True
717,beer,painter,-0.26435004526685263,0.2208659241955914,False
718,beer,pharmacist,0.2590581491942165,0.14097623176053886,True
719,beer,philosopher,-0.4235455171734449,0.343342757821778,False
720,beer,photographer,0.1802043096936676,0.2149921672600987,True
721,beer,pilot,0.8864076760065233,0.35369191247349463,True
722,beer,plumber,1.0731265492107136,0.4202815653929045,True
723,beer,policeman,-0.06795554600946455,0.33301313930189685,False
724,beer,politician,-0.4305293190342933,0.2041707602296304,False
725,beer,professor,0.5812760831868659,0.27176842677198,True
726,beer,programmer,0.8779243959186177,0.3204577724987364,True
727,beer,psychologist,0.6830948388723798,0.11682816624864345,True
728,beer,scientist,0.3412827246696707,0.3223130051327084,True
729,beer,scholar,-0.9308901706573628,0.30692173968561764,False
730,beer,secretary,-0.5275376424570701,-0.1991819171834918,True
731,beer,server,0.3725634730238819,-0.040906133899254,False
732,beer,singer,-0.4405905219700202,-0.04607679092954565,True
733,beer,skipper,0.7038230230108412,0.1817429897423457,True
734,beer,soldier,-0.21682410627123694,0.35243582465068496,False
735,beer,stylist,0.18214457722790506,-0.2044039485633848,False
736,beer,surgeon,-0.932223049148682,0.22121575315684092,False
737,beer,teacher,-0.14470060209152796,-0.0932061506563214,True
738,beer,translator,-0.4512258594433774,-0.13811149990612906,True
739,beer,veterinarian,0.07917598253387104,0.16421268183281545,True
740,beer,waiter,0.3688113558514857,0.2588949620455745,True
741,beer,waitress,0.3757502578441764,-0.23763945525375085,False
742,beer,warrior,-1.5254504694584403,0.13336161731787982,False
743,beer,writer,0.08980301047277901,0.28781882321122226,True
744,wine,accountant,-0.2901608320973697,0.024788840630095083,False
745,wine,architect,0.4779509918246747,-0.057040128735054686,False
746,wine,artist,0.2822500097074768,0.033501239841594636,True
747,wine,attorney,0.3711732776467057,-0.06548443899818551,False
748,wine,banker,0.7039437063629774,0.042382223886916655,True
749,wine,bartender,0.2753634107469143,-0.025854454180357374,False
750,wine,barber,-0.2451110720179679,0.014140786825597097,False
751,wine,broadcaster,0.0907158505717383,-0.14746921820644346,False
752,wine,businessman,0.4136957638639323,-0.0272112857903836,False
753,wine,butcher,0.0935518395815513,0.14980787748697358,True
754,wine,captain,0.7647304058795813,0.05741161660883714,True
755,wine,carpenter,-0.4892555532346104,-0.016381519795081,True
756,wine,chef,1.0187179843084335,0.06109082546750715,True
757,wine,coach,0.25038027353899434,-0.09265952287149973,False
758,wine,cook,0.43903247420748215,0.11570998139622438,True
759,wine,dancer,-0.8818422191472115,0.025395361958604392,False
760,wine,designer,0.7514116218136639,-0.05416366461452874,False
761,wine,doctor,0.10676215083598016,0.25234781003064183,True
762,wine,economist,0.5690666361959825,0.04173006613173714,True
763,wine,editor,0.07480044034863136,-0.034511770479602584,False
764,wine,engineer,-0.00772351650323162,-0.07566258526337295,True
765,wine,farmer,0.4264071523461143,-0.0026019367899814435,False
766,wine,filmmaker,0.2834323928708548,-0.06077001577181515,False
767,wine,financier,1.0192977913612675,0.04796802823297508,True
768,wine,fisherman,0.5392155051143241,0.02395728866877714,True
769,wine,gardener,0.5094697493904914,0.10345036100637536,True
770,wine,journalist,0.12565307393983746,0.02617454997832688,True
771,wine,judge,0.3810970257782934,0.04464029281403435,True
772,wine,lawyer,0.4750783120339794,0.0638421421577011,True
773,wine,librarian,0.442024157056704,0.029455329000272194,True
774,wine,magician,-0.6002070267217702,0.13089443669149692,False
775,wine,mechanic,-0.6749753333767571,0.0226420367306566,False
776,wine,musician,0.4267092494021447,-0.02587918481835801,False
777,wine,nanny,-0.5311578436228549,0.01953924401305005,False
778,wine,nurse,0.038009176044954435,-0.0005295875056435935,False
779,wine,painter,0.6202621371793716,0.12504408671045786,True
780,wine,pharmacist,-0.05337866778655368,0.0063432500143611615,False
781,wine,philosopher,0.615609073172092,0.19178410464667,True
782,wine,photographer,-0.09445319876605543,-0.059426914481322375,True
783,wine,pilot,0.09244143481532682,-0.10524812689926047,False
784,wine,plumber,0.04061805763428001,0.01074682490533482,True
785,wine,policeman,-0.6961986889394743,0.01947121920716946,False
786,wine,politician,-0.17694635460542066,0.09554955204330624,False
787,wine,professor,0.9950949568814184,0.10011777840542348,True
788,wine,programmer,-0.7905459582079232,-0.11864305695918854,True
789,wine,psychologist,0.1450899778825649,0.027118055741222388,True
790,wine,scientist,0.3057332154396877,0.022638335714701658,True
791,wine,scholar,0.7828089871814699,0.05424451222817911,True
792,wine,secretary,-0.3830883649127432,0.07401422621926534,False
793,wine,server,0.4392864715097865,-0.08206468935086378,False
794,wine,singer,0.3973768873464066,0.12132614011143625,True
795,wine,skipper,0.4663934020565317,-0.13822451689218018,False
796,wine,soldier,-0.2617330441546657,0.0984606989892554,False
797,wine,stylist,0.3177074946020501,0.037143000754673236,True
798,wine,surgeon,-0.12933476679928985,0.1043868069013645,False
799,wine,teacher,-0.05800265611492433,0.13645686390205766,False
800,wine,translator,-0.3059027025222216,0.24057610669212706,False
801,wine,veterinarian,0.2261759131910709,-0.05205616095094751,False
802,wine,waiter,0.6025526912068422,0.1187225512347978,True
803,wine,waitress,-0.012938009472267085,0.03740689896118784,False
804,wine,warrior,-0.6929699666568355,0.12658799462107534,False
805,wine,writer,0.6880525058808662,-0.008316107109246169,False
806,cider,accountant,-0.047356257941666265,0.17761740190567255,False
807,cider,architect,-0.15766169673203734,0.28997266430041074,False
808,cider,artist,-0.1721018475099712,-0.03078559222045219,True
809,cider,attorney,-0.6096933870134088,0.2295695535289524,False
810,cider,banker,-0.2620040623009781,0.3263490293340313,False
811,cider,bartender,0.3289059221373212,0.16772514725666998,True
812,cider,barber,0.2456236832121072,0.3789788489965071,True
813,cider,broadcaster,0.7755758924864133,0.3627487223174418,True
814,cider,businessman,-0.7219026044206136,0.3461830762662597,False
815,cider,butcher,0.13610829402439406,0.29340980322638793,True
816,cider,captain,0.2653006895416977,0.31594548588491844,True
817,cider,carpenter,0.54132787141925,0.4293890430521516,True
818,cider,chef,0.12071758978893952,-0.011100200077672229,False
819,cider,coach,0.5331224740377941,0.20885008644911868,True
820,cider,cook,0.4975948765260166,-0.20979687544471992,False
821,cider,dancer,-1.6428616923127253,-0.32379371834337345,True
822,cider,designer,0.04545544608318011,-0.11407366000600265,False
823,cider,doctor,-0.2633416685543661,-0.018267855878348047,True
824,cider,economist,0.05424450222456786,0.12414390380936476,True
825,cider,editor,0.1538733502749776,0.14761902398231522,True
826,cider,engineer,0.28571629607430565,0.343034101201854,True
827,cider,farmer,1.7420616804440627,0.40307395286886455,True
828,cider,filmmaker,-0.0008522730777787647,0.2995599797990953,False
829,cider,financier,-0.2435657468162856,0.2548748668260287,False
830,cider,fisherman,0.2049658434830482,0.3440934468240932,True
831,cider,gardener,0.7550889331886153,0.185692763458168,True
832,cider,journalist,-0.1716751809507751,0.06566397231153588,False
833,cider,judge,0.19260559834998206,0.2870595488987096,True
834,cider,lawyer,-0.5348364447383507,0.1670773738792569,False
835,cider,librarian,1.1847186497804514,-0.0982925494902218,False
836,cider,magician,-0.9973582724304794,0.21580895828528895,False
837,cider,mechanic,-0.28414950914976755,0.3168559749942719,False
838,cider,musician,-0.07189129676977739,0.3214025863904282,False
839,cider,nanny,0.6070056219689062,-0.3307695436515516,False
840,cider,nurse,-0.017618982199330727,-0.2674568393470137,True
841,cider,painter,0.020635089640626703,0.14647475548208025,True
842,cider,pharmacist,-0.06529216278136997,0.16977882810409256,False
843,cider,philosopher,-0.2953417536454148,0.27238403962037105,False
844,cider,photographer,-0.4161524591664165,0.15984580033932955,False
845,cider,pilot,0.06472911180674439,0.40774904913280346,True
846,cider,plumber,0.6069124249020741,0.42349614088859866,True
847,cider,policeman,-0.4643324078079858,0.3582128512192809,False
848,cider,politician,-0.7841697395365417,0.1859084983575219,False
849,cider,professor,0.40386370630157375,0.22978627197496065,True
850,cider,programmer,-0.1913230096764504,0.2590969858216368,False
851,cider,psychologist,-0.07715407080320945,0.06748114452237511,False
852,cider,scientist,0.1956683953823343,0.3052396964444212,True
853,cider,scholar,0.4815589503000224,0.3280417415190004,True
854,cider,secretary,-0.5791769004989706,-0.26556836430962244,True
855,cider,server,-0.19366342354590407,-0.13945308755085445,True
856,cider,singer,-0.8321574025613968,-0.20319821525606926,True
857,cider,skipper,0.516010069583295,0.21311341296524253,True
858,cider,soldier,-0.4230120279147564,0.33616189286921305,False
859,cider,stylist,-0.14368861350423678,-0.29669573892641743,True
860,cider,surgeon,-0.6384241166586868,0.2433262719097116,False
861,cider,teacher,0.2884162328484042,-0.17392804796108435,False
862,cider,translator,-0.75224024449879,-0.274987189074738,True
863,cider,veterinarian,-0.23915254455183876,0.20474789023284948,False
864,cider,waiter,-0.5762967262480254,0.19776578815964224,False
865,cider,waitress,-0.18248499198776175,-0.3028280230965021,True
866,cider,warrior,-1.4797304800432272,0.04699373401491882,False
867,cider,writer,0.3685448434954905,0.2410511541885389,True
868,vodka,accountant,-0.25436786624871915,0.06162301524974133,False
869,vodka,architect,-0.12002783922232907,-0.019620028337119174,True
870,vodka,artist,0.0031542720780110807,0.09541395083516112,True
871,vodka,attorney,0.09020236115379046,-0.0523557462931504,False
872,vodka,banker,-0.008520503204229838,0.0015941817492139208,False
873,vodka,bartender,1.539621891313636,0.056962186761423415,True
874,vodka,barber,-0.3729320041346464,0.01827678895915209,False
875,vodka,broadcaster,0.29030310837081924,-0.1026340212853422,False
876,vodka,businessman,0.3963104569549855,-0.03430828534291066,False
877,vodka,butcher,-0.16343630538076032,0.13299958617335222,False
878,vodka,captain,0.34418629335292505,0.05628850917069733,True
879,vodka,carpenter,-0.8867572287423299,-0.023585378918645736,True
880,vodka,chef,0.1825835685978054,0.1154699426471083,True
881,vodka,coach,-0.03556682589428724,-0.12430586022909255,True
882,vodka,cook,-0.6759014657482242,0.15906365179576354,False
883,vodka,dancer,0.1064937376602809,0.15587738743749874,True
884,vodka,designer,0.3082330837464878,0.060345115805784215,True
885,vodka,doctor,0.2466325469599129,0.22139015068260806,True
886,vodka,economist,-0.03750187413157095,0.0004190915962921312,False
887,vodka,editor,-0.17031294687024687,-0.026627773191465903,True
888,vodka,engineer,0.2788619973051433,-0.026016481241946943,False
889,vodka,farmer,-0.4988621476070021,-0.019224619612168856,True
890,vodka,filmmaker,0.6020864136161311,0.02799223361524137,True
891,vodka,financier,0.06636004628034371,-0.05147641585241013,False
892,vodka,fisherman,0.10441930613852636,0.03805129623113622,True
893,vodka,gardener,-0.4684169269636269,0.033561436910686734,False
894,vodka,journalist,0.4214012212755687,0.06460661610600678,True
895,vodka,judge,-0.16374771151059164,-0.09079049324024592,True
896,vodka,lawyer,0.12951676066433326,0.05823562657037554,True
897,vodka,librarian,-0.06889652650292538,0.05944646768805462,False
898,vodka,magician,-0.10228352814284916,0.10736469890211814,False
899,vodka,mechanic,0.15916032336636146,0.034206873318605543,True
900,vodka,musician,0.2969435549378619,0.06237578395312065,True
901,vodka,nanny,-0.13472908814155918,0.08053756825621122,False
902,vodka,nurse,0.04381005793583563,0.05253088563099961,True
903,vodka,painter,-0.21813715711814624,0.10124614146420473,False
904,vodka,pharmacist,0.4328507600762233,0.008558636199082075,True
905,vodka,philosopher,-0.449103250552739,0.16434480736177234,False
906,vodka,photographer,0.7034799854190311,0.02366959161073837,True
907,vodka,pilot,0.6251094915179373,-0.07585319496284078,False
908,vodka,plumber,-0.06541562532764468,0.0015683975327452301,False
909,vodka,policeman,0.2599770198775025,-0.015970723981759128,False
910,vodka,politician,-0.10571128021808733,0.09745883418668322,False
911,vodka,professor,0.4167445868249316,0.06906362066464196,True
912,vodka,programmer,0.025996350631824285,0.0053754833026749965,True
913,vodka,psychologist,0.7783318349285041,0.05579559376511591,True
914,vodka,scientist,0.4319993889206431,0.031269462219478086,True
915,vodka,scholar,-0.96210615586575,0.05593027018771622,False
916,vodka,secretary,-0.740239032277768,0.08895267445309081,False
917,vodka,server,0.3435034176724253,0.07173780504418363,True
918,vodka,singer,0.3166644059105205,0.19937408723430208,True
919,vodka,skipper,-0.1624720796153352,-0.08873984181620884,True
920,vodka,soldier,0.07914840800793735,0.09187700475050767,True
921,vodka,stylist,0.5901083867368564,0.09283448987270897,True
922,vodka,surgeon,-0.4357474680806358,0.04913217282826399,False
923,vodka,teacher,-0.2769136873669095,0.1467820943532373,False
924,vodka,translator,-0.3001288208623817,0.22177317226033716,False
925,vodka,veterinarian,0.16427759693490904,-0.014994602511382375,False
926,vodka,waiter,0.4899321906103883,0.12390960977939315,True
927,vodka,waitress,0.19909227641019095,0.10055668755799987,True
928,vodka,warrior,-1.090892179870228,0.21597224545450813,False
929,vodka,writer,-0.1384287073065978,9.891690052950002e-05,False
930,rum,accountant,-0.2358931350219379,-0.02011285821837219,True
931,rum,architect,-0.5175331965648962,0.011226060287565849,False
932,rum,artist,-0.4132853130068533,-0.08777987848184762,True
933,rum,attorney,-0.20470654472421168,-0.029145688031504212,True
934,rum,banker,0.08158978107522666,0.06130247783693792,True
935,rum,bartender,1.1948696493206643,-0.01399939113049753,False
936,rum,barber,0.24653078868085315,0.09987446433829893,True
937,rum,broadcaster,-0.20095053806005506,-0.01917445605732636,True
938,rum,businessman,0.29573175619525244,0.0991690678825288,True
939,rum,butcher,-0.4914414558444094,0.08972552517377709,False
940,rum,captain,1.048104971567423,0.15494862891420086,True
941,rum,carpenter,-0.3517093641990306,0.0967920740647878,False
942,rum,chef,-0.010621309847666537,-0.036876733333924806,True
943,rum,coach,-0.15113045718596158,-0.001827264151813753,True
944,rum,cook,0.36074614672835054,-0.023966054738733783,False
945,rum,dancer,0.8131876585486533,-0.04578192160024033,False
946,rum,designer,-0.06301501170768085,-0.12248169521600814,True
947,rum,doctor,-0.199670924586966,0.059523818087351375,False
948,rum,economist,-0.1167218092094254,-0.009495913856820292,True
949,rum,editor,-0.6506869372661676,-0.12550511994001526,True
950,rum,engineer,-0.1841112699420392,0.048229777661867035,False
951,rum,farmer,-0.3239087683069401,0.0843481912548125,False
952,rum,filmmaker,-0.2413742122396349,0.0035462187393474095,False
953,rum,financier,0.1832155032261679,0.105909795901048,True
954,rum,fisherman,1.0544344226173459,0.1380544767082144,True
955,rum,gardener,-0.16093463419915133,0.04856449294058335,False
956,rum,journalist,-0.3161812009181096,-0.07510697257298231,True
957,rum,judge,-0.08724774901784464,0.044015659827844285,False
958,rum,lawyer,-0.29562227522059104,-0.0056807397087486325,True
959,rum,librarian,-0.6347388456131288,-0.16768807258412852,True
960,rum,magician,0.18102226033893312,0.09909236264369227,True
961,rum,mechanic,-0.011471502950919364,0.10942739158640677,False
962,rum,musician,0.08224376928337546,0.006741364072843904,True
963,rum,nanny,-0.3626590636257352,-0.1372358882698031,True
964,rum,nurse,-0.14086749195731993,-0.13419000051897345,True
965,rum,painter,-0.2534301256685468,0.03788148504933424,False
966,rum,pharmacist,-0.103933104299706,-0.04024115871077343,True
967,rum,philosopher,-0.9018130692857208,0.03781299787328194,False
968,rum,photographer,-0.10149100161522996,-0.05729759720230846,True
969,rum,pilot,0.7434554663278953,0.06907713779993603,True
970,rum,plumber,-0.4473063760741272,0.10102714369799663,False
971,rum,policeman,0.14165133017531886,0.11828103816625335,True
972,rum,politician,-0.3006424151868257,0.07899906928725843,False
973,rum,professor,-0.2823838741165585,-0.019054055225881574,True
974,rum,programmer,-0.9641957503027344,-0.10179902875076773,True
975,rum,psychologist,-0.8268980393237605,-0.135254976113251,True
976,rum,scientist,-0.5578848687970881,-0.04890974059210853,True
977,rum,scholar,0.009566566432933618,-0.019837582709401537,False
978,rum,secretary,-0.3065483615229033,-0.10303784857032937,True
979,rum,server,-0.02926529612085968,-0.13468418194165171,True
980,rum,singer,0.22509530553167145,-0.015060957851966485,False
981,rum,skipper,1.1864411211504715,0.09002825006849492,True
982,rum,soldier,0.2872050414356149,0.1061971479270656,True
983,rum,stylist,-0.21706542371544826,-0.1442599023561036,True
984,rum,surgeon,-0.4502985860248671,0.052468124227935384,False
985,rum,teacher,-0.2923795850177296,-0.09675491720832308,True
986,rum,translator,-0.3786345528297042,-0.07529149496232992,True
987,rum,veterinarian,-0.3245082259398377,-0.05123120628472033,True
988,rum,waiter,0.40827354570846336,0.09858053775055522,True
989,rum,waitress,-0.1858989367748636,-0.10900953033454494,True
990,rum,warrior,-0.3888872192175497,0.043138182022474485,False
991,rum,writer,-0.5312277685399951,-0.0783368144314773,True
992,whiskey,accountant,-0.3986738860051367,0.04541720436531717,False
993,whiskey,architect,-0.7477480447385738,0.10149690312962198,False
994,whiskey,artist,-0.4944244575631712,-0.1306204405939932,True
995,whiskey,attorney,0.5285435210225957,0.08571029982828628,True
996,whiskey,banker,-0.2400106311506091,0.17771115051376898,False
997,whiskey,bartender,1.7341241716956453,0.055431607764880216,True
998,whiskey,barber,0.38861987620199895,0.2320494187670924,True
999,whiskey,broadcaster,0.2646112110385475,0.1944554623440882,True
1000,whiskey,businessman,0.010789441843054795,0.21389482067268226,True
1001,whiskey,butcher,-0.05556597996917776,0.13512028809965276,False
1002,whiskey,captain,0.9230830775184236,0.21702723517498787,True
1003,whiskey,carpenter,0.09502662301417487,0.2720357640632537,True
1004,whiskey,chef,-0.3176428991609439,-0.12858425367615994,True
1005,whiskey,coach,-0.07797151766565102,0.12702153293802412,False
1006,whiskey,cook,-0.04664156140275893,-0.2021742394397039,True
1007,whiskey,dancer,-0.18965626747276945,-0.22968033584785685,True
1008,whiskey,designer,-0.6564556966813433,-0.17950605538885453,True
1009,whiskey,doctor,-0.24889789130967824,-0.06109050756957945,True
1010,whiskey,economist,-0.917187067816852,-0.010985539576236237,True
1011,whiskey,editor,-0.5006422762524632,-0.008891594486087024,True
1012,whiskey,engineer,-0.2944316515312002,0.19055935144596567,False
1013,whiskey,farmer,0.35863749865703226,0.2443199933844852,True
1014,whiskey,filmmaker,-0.06432571820076986,0.10538764809972706,False
1015,whiskey,financier,-0.2736444682420107,0.16236197536692992,False
1016,whiskey,fisherman,0.14843679593901593,0.22099634238248367,True
1017,whiskey,gardener,-0.3922745910089389,0.06390284447945536,False
1018,whiskey,journalist,-0.4323317448211833,-0.09077601369707973,True
1019,whiskey,judge,0.379956021630834,0.17755110302899946,True
1020,whiskey,lawyer,0.1321876488960337,0.031364976935382975,True
1021,whiskey,librarian,-0.2045989191659508,-0.16936119587608486,True
1022,whiskey,magician,-0.33316092433139843,0.1769632577531194,False
1023,whiskey,mechanic,0.3621853847718329,0.18645720323667803,True
1024,whiskey,musician,0.3481306934746803,0.1466673338697822,True
1025,whiskey,nanny,-0.6195966545234797,-0.2747257231716789,True
1026,whiskey,nurse,0.033127800387825604,-0.22574835947723654,False
1027,whiskey,painter,-0.4543029738284188,-0.01619357798379175,True
1028,whiskey,pharmacist,0.021010239566070774,-0.002943441128843597,False
1029,whiskey,philosopher,-0.743064919587093,0.12388936782716264,False
1030,whiskey,photographer,-0.06921786609771709,-0.0012293693003424641,True
1031,whiskey,pilot,0.6910786449712082,0.2610549533464578,True
1032,whiskey,plumber,0.18004789672750238,0.26729326394470604,True
1033,whiskey,policeman,0.0281904675663541,0.2478329203100244,True
1034,whiskey,politician,-0.33396349633488337,0.07526696081561779,False
1035,whiskey,professor,-0.25289654328300043,0.056447264107644515,False
1036,whiskey,programmer,-0.6552292224061589,0.08414078506592805,False
1037,whiskey,psychologist,-0.3314843570689334,-0.060285010375862015,True
1038,whiskey,scientist,-0.5464448884009272,0.11663057886006138,False
1039,whiskey,scholar,-0.7226092529649201,0.11179456832793976,False
1040,whiskey,secretary,-0.4098988876871897,-0.2258839461315141,True
1041,whiskey,server,-0.7511922256965429,-0.19281492056916685,True
1042,whiskey,singer,-0.01979356554212769,-0.1820590370100536,True
1043,whiskey,skipper,0.6534565207812736,0.10004382319812136,True
1044,whiskey,soldier,0.2449740980231458,0.2314274619389572,True
1045,whiskey,stylist,-0.2287966023896937,-0.30850527306221137,True
1046,whiskey,surgeon,-0.2127424358924198,0.09561941217849744,False
1047,whiskey,teacher,-0.8461765021641469,-0.1969872170413304,True
1048,whiskey,translator,-1.2883197129680208,-0.3113080274101956,True
1049,whiskey,veterinarian,0.4421576292691201,0.035725157776087924,True
1050,whiskey,waiter,-0.2819313676142381,0.08421115642572387,False
1051,whiskey,waitress,0.12166576149689602,-0.24578757377972255,False
1052,whiskey,warrior,-0.5711277794949617,0.0702961586586339,False
1053,whiskey,writer,-0.27611648317229376,0.07469554060593654,False
1054,champagne,accountant,0.18248670875604772,0.03139586730599096,True
1055,champagne,architect,0.8444664850752034,-0.06256414441411456,False
1056,champagne,artist,0.2627815990398334,0.03997257334998087,True
1057,champagne,attorney,0.6857404736047391,-0.07404706504486311,False
1058,champagne,banker,1.6795379985998484,0.02011352929559849,True
1059,champagne,bartender,0.7935347384938839,-0.04786989208407106,False
1060,champagne,barber,-1.2135020406685817,-0.04806318640314332,True
1061,champagne,broadcaster,0.7118929914808146,-0.1391787192957074,False
1062,champagne,businessman,0.9811869044357182,-0.06544737437707321,False
1063,champagne,butcher,-1.7896843569891008,0.07496090673844884,False
1064,champagne,captain,0.9578868282947915,-0.02242895512618391,False
1065,champagne,carpenter,-2.415093262376231,-0.07246368616225693,True
1066,champagne,chef,1.5305956380972103,0.07752304788619675,True
1067,champagne,coach,0.358145716564354,-0.13324935718660616,False
1068,champagne,cook,-0.8452651204285067,0.0989078673566701,False
1069,champagne,dancer,0.4637348617852501,0.047732887101193576,True
1070,champagne,designer,1.9509081567391964,0.025317530106728752,True
1071,champagne,doctor,0.452333113345716,0.1700020529560259,True
1072,champagne,economist,0.7975505788582046,-0.011511390982825609,False
1073,champagne,editor,0.5679494373066001,-0.03560534874927464,False
1074,champagne,engineer,0.03156617333917082,-0.11821328295475082,False
1075,champagne,farmer,-1.6382109226094184,-0.08784437370595137,True
1076,champagne,filmmaker,0.918021660293333,-0.08100589150667968,False
1077,champagne,financier,2.337784171960836,0.032798684968560636,True
1078,champagne,fisherman,-1.1401516318239449,-0.06216918184102471,True
1079,champagne,gardener,-0.7682042075565394,0.044703607717250134,False
1080,champagne,journalist,0.9723676039594804,0.02129704390750276,True
1081,champagne,judge,0.6126621290050523,-0.02272883344160091,False
1082,champagne,lawyer,1.0586681389189694,0.05368998740691504,True
1083,champagne,librarian,0.051988968891151184,0.038176999124529716,True
1084,champagne,magician,0.2443570825464366,0.06710464900472804,True
1085,champagne,mechanic,-1.5514452630080735,-0.060312943441261965,True
1086,champagne,musician,0.5188711744362781,-0.05082251303277309,False
1087,champagne,nanny,-0.26917919838023463,0.05344031188268556,False
1088,champagne,nurse,-0.06659259482272616,0.03594490101888887,False
1089,champagne,painter,0.02153633569804786,0.09082002259435576,True
1090,champagne,pharmacist,-0.25927066316035,-0.012066017321626096,True
1091,champagne,philosopher,0.2824218120164935,0.113921517756988,True
1092,champagne,photographer,0.8960903819707877,-0.03334569006441933,False
1093,champagne,pilot,0.9364262024182344,-0.1369881590208477,False
1094,champagne,plumber,-0.4902786079067771,-0.03878952105773725,True
1095,champagne,policeman,-0.7196303070576106,-0.0565290589811726,True
1096,champagne,politician,0.4294796985777455,0.02594002958680237,True
1097,champagne,professor,0.8881848391142606,0.039556052990312895,True
1098,champagne,programmer,0.03050360288271085,-0.11522629369408804,False
1099,champagne,psychologist,0.7689437010147534,0.029416468961775875,True
1100,champagne,scientist,0.6954450184648832,-0.02927807455065647,False
1101,champagne,scholar,-0.27146885710799457,-0.028380690789912993,True
1102,champagne,secretary,0.020592525362015168,0.09768405645716667,True
1103,champagne,server,0.501365078060806,-0.0900762765546389,False
1104,champagne,singer,1.126808965199331,0.11882137271031586,True
1105,champagne,skipper,0.6944390409935113,-0.14801071411611208,False
1106,champagne,soldier,-0.5665142883190993,-0.0062154338657379035,True
1107,champagne,stylist,1.557482250182301,0.07972419661850111,True
1108,champagne,surgeon,0.15812018897892646,0.02907364652351857,True
1109,champagne,teacher,-0.6279763837523215,0.120424410000105,False
1110,champagne,translator,-0.8788251055248605,0.17265734839401606,False
1111,champagne,veterinarian,0.018430165891290786,-0.07869916248292301,False
1112,champagne,waiter,1.118986211971666,0.057067440225930736,True
1113,champagne,waitress,-0.06658419855974873,0.05440173234932882,False
1114,champagne,warrior,-1.5189683364465365,0.007330057954755031,False
1115,champagne,writer,0.642512705249088,0.002720496156833325,True
