,country,sport,direct_correlation,indirect_correlation,same_correlation
0,Nigeria,football,1.4905325056100716,-0.03678903513289368,False
1,Nigeria,basketball,0.9891306997462851,-0.040025528992106325,False
2,Nigeria,cricket,1.4633438781748822,0.06680828311582117,True
3,Nigeria,hockey,-0.8835821592295262,-0.09536608029593173,True
4,Nigeria,tennis,-0.4785821942817314,-0.07424109356560818,True
5,Nigeria,volleyball,1.2170969576545674,-0.0628975173749749,False
6,Nigeria,baseball,-0.031154214915394367,-0.04456656493751745,True
7,Nigeria,rugby,1.1079681673468451,-0.04421467440318773,False
8,Nigeria,golf,-0.4179436344248476,-0.024059756711920198,True
9,Nigeria,athletics,1.3903878224435209,0.004716713642090353,True
10,Nigeria,badminton,0.4426007097946837,-0.0706861462050156,False
11,Nigeria,boxing,1.1461948318573496,-0.042458201471081536,False
12,Nigeria,cycling,-0.43670231094372586,-0.11166150440437624,True
13,Nigeria,swimming,-0.09924173212132496,-0.03291715091660324,True
14,Nigeria,shooting,0.026045624513493,-0.007158016997942753,False
15,Nigeria,gymnastics,-0.4599816194916593,-0.02818737272412796,True
16,Nigeria,wrestling,0.954510715961865,0.018762997204513,True
17,Nigeria,skiing,-1.749134133622969,-0.11817649051364044,True
18,Nigeria,bowling,0.24955778838014464,0.02347625574245504,True
19,Ethiopia,football,0.3879968338756873,-0.1342625615997707,False
20,Ethiopia,basketball,0.8185821344863699,-0.061044358863687774,False
21,Ethiopia,cricket,0.8284740354237111,-0.07700648178198209,False
22,Ethiopia,hockey,-1.1744569021050009,-0.1537743978562088,True
23,Ethiopia,tennis,-0.18447913148778008,-0.011514951166415906,True
24,Ethiopia,volleyball,1.5056949402341109,0.09493263962139728,True
25,Ethiopia,baseball,-0.5058101194151721,-0.14833083161596125,True
26,Ethiopia,rugby,0.4066285705926883,-0.15539113661618012,False
27,Ethiopia,golf,-1.0807853990638645,-0.13683439385067284,True
28,Ethiopia,athletics,1.3562048329605287,-0.07442053540614528,False
29,Ethiopia,badminton,0.6767834148262757,-0.03920625764813298,False
30,Ethiopia,boxing,-0.05811204416521785,-0.11536715264016435,True
31,Ethiopia,cycling,-0.2895956192773028,-0.10893314007615794,True
32,Ethiopia,swimming,0.06751790619672805,0.05618731784714922,True
33,Ethiopia,shooting,-0.4418888844813693,-0.01695427060520469,True
34,Ethiopia,gymnastics,0.10424639287309262,0.042931449545606536,True
35,Ethiopia,wrestling,0.40515595045062347,-0.0078134599134928,False
36,Ethiopia,skiing,-0.6868841068825328,-0.08067470898675529,True
37,Ethiopia,bowling,-0.8571930689450042,-0.028643694805536687,True
38,Egypt,football,0.22057810544552456,-0.2785243976206265,False
39,Egypt,basketball,0.6405409201147569,-0.14293472202126808,False
40,Egypt,cricket,0.5916782878489383,-0.17469738897817402,False
41,Egypt,hockey,-1.644967773258388,-0.2199894844111719,True
42,Egypt,tennis,0.20136569963125275,0.033451643682669084,True
43,Egypt,volleyball,0.9944457981785164,0.17185190633809005,True
44,Egypt,baseball,-0.22509133827583447,-0.29616842138774424,True
45,Egypt,rugby,-0.4476219639179712,-0.2661674091059141,True
46,Egypt,golf,-0.03849692977652168,-0.2658141167247749,True
47,Egypt,athletics,-0.05214064361629996,-0.3431808517056365,True
48,Egypt,badminton,0.05783669239562225,-0.0409553335546238,False
49,Egypt,boxing,-0.6629648287797667,-0.3489866338843774,True
50,Egypt,cycling,-1.178683725650458,-0.2676630041400533,True
51,Egypt,swimming,0.10152513668837296,0.1678658837156751,True
52,Egypt,shooting,-0.22775724418611565,-0.054674761933163514,True
53,Egypt,gymnastics,0.013352819849542959,-0.05287293537115388,False
54,Egypt,wrestling,-0.25784004516837555,-0.3070161799578429,True
55,Egypt,skiing,-1.3462058736972315,-0.1716096789659579,True
56,Egypt,bowling,-0.9404227501578809,-0.25458078265578105,True
57,Congo,football,0.7471661438684253,0.04789112928838098,True
58,Congo,basketball,0.6553197970708571,0.023547058347039854,True
59,Congo,cricket,0.5077716791225536,0.04631722672405991,True
60,Congo,hockey,0.026149504672452542,0.019861105465812483,True
61,Congo,tennis,-0.6950646356147976,0.08393078130347377,False
62,Congo,volleyball,0.8120948948177746,0.02037003954675772,True
63,Congo,baseball,-0.28620968186036705,0.011019550699865243,False
64,Congo,rugby,1.0424778730888102,0.08872770284028361,True
65,Congo,golf,-0.44274064260893203,0.0597232580130677,False
66,Congo,athletics,0.26782183447367264,-0.19366786767834865,False
67,Congo,badminton,0.1136346082505483,0.01372334408905262,True
68,Congo,boxing,0.9584926846004921,0.034773955804715435,True
69,Congo,cycling,0.21563958222979526,0.05935650747646234,True
70,Congo,swimming,-0.3829228441950441,0.1914829231245268,False
71,Congo,shooting,0.4600163155841962,0.1185087711557636,True
72,Congo,gymnastics,-0.4659194252014697,-0.120177968494658,True
73,Congo,wrestling,0.19704409845109291,-0.05961964609514889,False
74,Congo,skiing,-1.1129889554659365,0.047126842021495266,False
75,Congo,bowling,-1.1305760019306816,-0.04874460362864751,True
76,Tanzania,football,0.4823690681209458,-0.018285937857750355,False
77,Tanzania,basketball,0.8181636426519503,0.012617072183379593,True
78,Tanzania,cricket,1.6840529468372538,0.07883779994574931,True
79,Tanzania,hockey,-0.560118867431054,-0.06174927821135954,True
80,Tanzania,tennis,0.2318652825181818,-0.01806058280254097,False
81,Tanzania,volleyball,1.4085032454835302,0.008934061124520231,True
82,Tanzania,baseball,-0.2761968673975225,-0.01557809691167134,True
83,Tanzania,rugby,1.3164852639215674,-0.006349006118197391,False
84,Tanzania,golf,0.07588632102179925,-0.011180016539747609,False
85,Tanzania,athletics,1.371669322144717,0.05361041351605525,True
86,Tanzania,badminton,1.2807960658248254,0.018016635934453597,True
87,Tanzania,boxing,0.5977720002155364,0.03810380150372307,True
88,Tanzania,cycling,0.9587802309733696,0.008168447677308314,True
89,Tanzania,swimming,0.37536474084001614,-0.01554090589794201,False
90,Tanzania,shooting,-0.2524294998028547,0.008575548492647278,False
91,Tanzania,gymnastics,0.4645342897992775,0.04127020217633901,True
92,Tanzania,wrestling,0.8778904261857753,0.13850669491045714,True
93,Tanzania,skiing,-0.3212361911487238,-0.047412576861972505,True
94,Tanzania,bowling,0.4007716342519088,0.09152313574321788,True
95,South Africa,football,0.4540040902392282,0.13076088660753168,True
96,South Africa,basketball,0.3043147347026177,0.08029613647695058,True
97,South Africa,cricket,1.6552625312227036,0.25676620362444874,True
98,South Africa,hockey,0.0995459215056698,0.16509866544565496,True
99,South Africa,tennis,0.2321461093355205,0.1153071387065096,True
100,South Africa,volleyball,0.5859361344099145,0.009470758160549844,True
101,South Africa,baseball,-0.4215767051719552,0.10991277194093237,False
102,South Africa,rugby,2.150050687812241,0.2356907406060312,True
103,South Africa,golf,0.4862588996005586,0.2242613880752383,True
104,South Africa,athletics,0.9002859476091233,0.12216647836456852,True
105,South Africa,badminton,0.7157828647464253,0.10825627472743184,True
106,South Africa,boxing,0.8728310394785493,0.04362323775713691,True
107,South Africa,cycling,0.6657728782059036,0.16773568109256798,True
108,South Africa,swimming,0.09604080450570386,-0.0643538412948055,False
109,South Africa,shooting,0.06641922368894948,-0.047469834768762036,False
110,South Africa,gymnastics,0.3130123774493989,0.06551067157468403,True
111,South Africa,wrestling,0.14878574368013642,0.194864056021612,True
112,South Africa,skiing,0.19745005464195114,0.08516112364983056,True
113,South Africa,bowling,0.9015853453200638,0.237964219420559,True
114,Kenya,football,0.5076799427700049,0.10065047505321036,True
115,Kenya,basketball,1.4172426270649907,0.08625675056079392,True
116,Kenya,cricket,1.9006088613341727,0.2468188874341763,True
117,Kenya,hockey,-0.5605482348375794,0.059865580744881935,False
118,Kenya,tennis,-0.013907191665054195,0.04812886111980173,False
119,Kenya,volleyball,1.0730166139276969,-0.09255730349600058,False
120,Kenya,baseball,-0.2433509587495014,0.08311856464207834,False
121,Kenya,rugby,1.7800596301694365,0.15589256423839426,True
122,Kenya,golf,0.2351481646784195,0.14434177110708624,True
123,Kenya,athletics,1.6560090044061793,0.08753734999138618,True
124,Kenya,badminton,1.0708603288098482,0.03269055964393792,True
125,Kenya,boxing,0.9306375695761724,0.058535020855002284,True
126,Kenya,cycling,0.23539205748168354,0.05370447554369083,True
127,Kenya,swimming,0.32093078818661497,-0.11497090957766368,False
128,Kenya,shooting,0.12773370689679292,-0.06540230449342853,False
129,Kenya,gymnastics,0.35940375704645844,0.017128259481190733,True
130,Kenya,wrestling,0.9454949873549832,0.17877910683973566,True
131,Kenya,skiing,-0.933924905008974,-0.05076946205111494,True
132,Kenya,bowling,0.2272987273442855,0.15927800496477254,True
133,Uganda,football,0.7281008670730611,0.08528296661406752,True
134,Uganda,basketball,1.3638126966915343,0.0405766371543508,True
135,Uganda,cricket,1.5600901750666418,0.1566336067273253,True
136,Uganda,hockey,-0.5167309253691796,-0.0025438765950434737,True
137,Uganda,tennis,-0.13876738294251978,-0.01722879534737799,True
138,Uganda,volleyball,1.6418277125276894,-0.06769775932065114,False
139,Uganda,baseball,-0.050266871509551836,0.06338439944758015,False
140,Uganda,rugby,1.0522955526021396,0.08593101650569718,True
141,Uganda,golf,-0.3325414605471545,0.06867861059681746,False
142,Uganda,athletics,1.2090367677607308,0.031173787640157945,True
143,Uganda,badminton,1.0461894476640825,-0.025466135239296504,False
144,Uganda,boxing,0.5559447974166174,0.060407067215645475,True
145,Uganda,cycling,0.2672328933171836,0.02616524429173118,True
146,Uganda,swimming,-0.25916640210469466,-0.0045135062237118325,True
147,Uganda,shooting,0.1122491864156579,0.03097448936867355,True
148,Uganda,gymnastics,-0.035151694121853934,-0.020317835732366733,True
149,Uganda,wrestling,0.4810945591625282,0.10992335961567093,True
150,Uganda,skiing,-1.0230939723563175,-0.030706217448200714,True
151,Uganda,bowling,0.03929059827950331,0.08539565895621055,True
152,Sudan,football,0.7673735970359862,-0.09687313882636696,False
153,Sudan,basketball,0.7400793697209159,-0.0347589046332737,False
154,Sudan,cricket,1.1856292607888048,0.010347363247232478,True
155,Sudan,hockey,-1.1114313278332948,-0.11983807369301636,True
156,Sudan,tennis,-0.017075768378384152,0.02357604942586777,False
157,Sudan,volleyball,1.0720552050312366,0.06538123465117067,True
158,Sudan,baseball,-0.17577914207896747,-0.10936936948487964,True
159,Sudan,rugby,0.3957470878972397,-0.10596777447677416,False
160,Sudan,golf,-0.15856420349399705,-0.0919282565325944,True
161,Sudan,athletics,0.7194287585412461,-0.09429710079798004,False
162,Sudan,badminton,0.8485924941009527,0.017418626402797267,True
163,Sudan,boxing,0.2075504635402479,-0.09965126258027338,False
164,Sudan,cycling,-0.13210626234487746,-0.1071037494818938,True
165,Sudan,swimming,0.2855974009169743,0.0963431495714148,True
166,Sudan,shooting,0.2711279180613916,0.012311564606387812,True
167,Sudan,gymnastics,-0.0460931894004672,0.02220655157498828,False
168,Sudan,wrestling,0.7087828801439524,-0.01257882077845187,False
169,Sudan,skiing,-0.8552841316709585,-0.09760771750330573,True
170,Sudan,bowling,-0.6518007491373919,-0.03951056703878197,True
171,Algeria,football,1.131178857454174,-0.16660631283693875,False
172,Algeria,basketball,0.4400925515423425,-0.07082940670837068,False
173,Algeria,cricket,0.3451084579119241,-0.1531820044264816,False
174,Algeria,hockey,-0.9978676123395372,-0.12135653396768872,True
175,Algeria,tennis,0.1719015065854114,0.06611275660011569,True
176,Algeria,volleyball,1.2976572026463902,0.2373654695071749,True
177,Algeria,baseball,-0.410527427636764,-0.18352953494646596,True
178,Algeria,rugby,0.5492130008917594,-0.12267478939432855,False
179,Algeria,golf,-0.003786266807796594,-0.21554155768984115,True
180,Algeria,athletics,0.7879585617488246,-0.16996678025046674,False
181,Algeria,badminton,-0.23610168717534924,0.046311528069395334,False
182,Algeria,boxing,0.7810422035094791,-0.12098229020110834,False
183,Algeria,cycling,1.4194149945943415,0.005367925300356515,True
184,Algeria,swimming,-0.05077012607031845,0.1741242397699021,False
185,Algeria,shooting,0.8761026277898226,0.008257341592915008,True
186,Algeria,gymnastics,0.2996779303274477,0.0011280664989654163,True
187,Algeria,wrestling,0.3708567127693646,-0.1020325771515905,False
188,Algeria,skiing,0.9886586483916427,-0.0032377266523228856,False
189,Algeria,bowling,-0.7197654218404044,-0.1553847963830663,True
190,China,football,-0.1611921133773061,0.0649322223490369,False
191,China,basketball,0.5216622547946347,0.08628741533943443,True
192,China,cricket,0.03472927351786365,0.10985960794598726,True
193,China,hockey,-0.13929788108184735,0.07117892480858297,False
194,China,tennis,0.5904445094347628,0.057042585732477766,True
195,China,volleyball,0.7430690056331918,-0.04262117326671993,False
196,China,baseball,0.31875586556473445,0.08179754578173666,True
197,China,rugby,-0.516668839658363,0.06566388178638619,False
198,China,golf,0.18356046852663685,0.14641428166811202,True
199,China,athletics,0.0662175479356734,-0.013283635076161471,False
200,China,badminton,1.9314824446565857,0.08337659980980675,True
201,China,boxing,0.23571932147731325,0.09623309353454017,True
202,China,cycling,0.6110516752693687,0.009463451880292548,True
203,China,swimming,0.10597198286143372,-0.01895807749745168,False
204,China,shooting,0.20325533742350446,0.039270179081796086,True
205,China,gymnastics,1.0526810489763831,0.034265348689160334,True
206,China,wrestling,0.0867408820821996,0.08820638272801731,True
207,China,skiing,0.4165859934620148,-0.022785864805418637,False
208,China,bowling,0.27795287558655946,0.18775198855099687,True
209,India,football,-0.3455617786474758,-0.07801078995393497,True
210,India,basketball,-0.0979404121653094,0.02487975373289333,False
211,India,cricket,2.369308518978352,0.03103410897225835,True
212,India,hockey,-0.3703236869570397,-0.04902017242822769,True
213,India,tennis,-0.19780121481272608,0.02518820454388133,False
214,India,volleyball,0.3762462886723605,0.04716887746115884,True
215,India,baseball,-0.7822582775682961,-0.0811219407505799,True
216,India,rugby,-0.6838803782885752,-0.1281547798245903,True
217,India,golf,-0.40016546629685773,-0.04257004617038521,True
218,India,athletics,-0.34323972486767285,-0.15341644326585266,True
219,India,badminton,1.1953537910552967,0.027227858027379537,True
220,India,boxing,-0.10590162998957632,-0.08228997707863638,True
221,India,cycling,0.2783402579449318,-0.13964218827337174,False
222,India,swimming,-0.4546015943896441,-0.011711376814803049,True
223,India,shooting,-0.04597358353466041,0.004889354127682539,False
224,India,gymnastics,-0.3213910296562926,-0.04656674442903006,True
225,India,wrestling,-0.6172699196003547,-0.016968642464307886,True
226,India,skiing,-0.4934229715911475,-0.1122447109681019,True
227,India,bowling,0.675544082233447,0.007447186757071773,True
228,Indonesia,football,0.14415704863657636,-0.03673907485055032,False
229,Indonesia,basketball,0.7947725429179768,0.02091421718800241,True
230,Indonesia,cricket,0.975731476623142,0.039793277564851966,True
231,Indonesia,hockey,-0.9659264938725628,0.023633482581520662,False
232,Indonesia,tennis,0.7983785158672011,0.07729135163763236,True
233,Indonesia,volleyball,2.0129590034237617,0.12560222787562972,True
234,Indonesia,baseball,0.12267098286583868,-0.018784088496759072,False
235,Indonesia,rugby,-0.276346132877999,-0.024155527974027008,True
236,Indonesia,golf,0.8269629320254236,0.015102808133623804,True
237,Indonesia,athletics,0.8171448022941831,0.024062937168356502,True
238,Indonesia,badminton,2.7597937742540046,0.13569020703327364,True
239,Indonesia,boxing,0.7434489894918448,0.0736251195248132,True
240,Indonesia,cycling,0.5353083966401978,0.05737895499382875,True
241,Indonesia,swimming,0.7431123041035029,0.008839022752240017,True
242,Indonesia,shooting,0.3993895995652873,-0.0032049491473730442,False
243,Indonesia,gymnastics,0.3839959529714764,0.061566942571096725,True
244,Indonesia,wrestling,0.21121595487331415,0.14145168773526645,True
245,Indonesia,skiing,-0.5793232518711375,0.01689915033451507,False
246,Indonesia,bowling,0.5385435586789458,0.17485497745450132,True
247,Pakistan,football,0.4128564584866671,-0.08005354066064414,False
248,Pakistan,basketball,-0.29109391006785024,0.01135627247372698,False
249,Pakistan,cricket,3.170516030775116,0.12128872271192452,True
250,Pakistan,hockey,-0.42261975806828905,-0.03671355060475466,True
251,Pakistan,tennis,-0.0769411581631448,0.01823025085809325,False
252,Pakistan,volleyball,0.664442476000718,0.045881028929789514,True
253,Pakistan,baseball,-0.6339722969383172,-0.04644974236545076,True
254,Pakistan,rugby,-0.03943495335564754,-0.07291779451368725,True
255,Pakistan,golf,-0.14361606085842388,-0.033378229309516935,True
256,Pakistan,athletics,0.6197919574156315,-0.017207145998424562,False
257,Pakistan,badminton,0.9061878545378792,0.07151650385402228,True
258,Pakistan,boxing,-0.18439478568037654,-0.036959769687981946,True
259,Pakistan,cycling,0.4238468923157057,-0.06136263319485093,False
260,Pakistan,swimming,-0.6090619286157942,-0.04047059045998155,True
261,Pakistan,shooting,0.521558827470048,-0.025223061474539038,False
262,Pakistan,gymnastics,-0.5034005212671034,0.06481282075637954,False
263,Pakistan,wrestling,0.2548030057759178,0.07911222881690096,True
264,Pakistan,skiing,0.5174411074100421,-0.07574358053975934,False
265,Pakistan,bowling,1.6334990743738178,0.10026292228396927,True
266,Bangladesh,football,0.5180806104221339,0.0700270673257589,True
267,Bangladesh,basketball,0.28745599001609584,0.06780402419115908,True
268,Bangladesh,cricket,2.8437585578902596,0.2112331014077278,True
269,Bangladesh,hockey,-0.39614320525128605,0.033120507726581726,False
270,Bangladesh,tennis,0.05140357092077729,-0.03657802113637933,False
271,Bangladesh,volleyball,0.8300397499865582,-0.09055841138358853,False
272,Bangladesh,baseball,-0.2981926771265769,0.08600330539653754,False
273,Bangladesh,rugby,0.20241313437627734,0.03989645206269656,True
274,Bangladesh,golf,-0.5104179712231457,0.05695554626862875,False
275,Bangladesh,athletics,1.1931457100281455,0.11585432263035852,True
276,Bangladesh,badminton,1.9667020375228863,0.06505475722170236,True
277,Bangladesh,boxing,1.039911320453326,0.12893086344431415,True
278,Bangladesh,cycling,0.8107209750407978,-0.024226497652545774,False
279,Bangladesh,swimming,-0.07370666325845424,-0.04156950251455445,True
280,Bangladesh,shooting,-0.0419354607487567,0.04790656245858793,False
281,Bangladesh,gymnastics,0.1853034686618815,0.06870449737954475,True
282,Bangladesh,wrestling,0.060900164003962975,0.15176176470885305,True
283,Bangladesh,skiing,0.15606634650148754,-0.052102196725587586,False
284,Bangladesh,bowling,1.1893147917745313,0.1629460494020799,True
285,Japan,football,-0.541424796340899,-0.018125583492834395,True
286,Japan,basketball,0.07279835113165553,0.06498615813926083,True
287,Japan,cricket,-0.6608581612818332,0.022647410711781085,False
288,Japan,hockey,-0.29832997178552906,0.04120370141194407,False
289,Japan,tennis,0.4358767643253221,0.08118116618061855,True
290,Japan,volleyball,0.504092771045081,0.08132450409005851,True
291,Japan,baseball,0.5896300263972216,0.029508151570287664,True
292,Japan,rugby,-0.7933699874225462,-0.012046280351318505,True
293,Japan,golf,-0.216022328247342,0.06481979330549442,False
294,Japan,athletics,0.6801014680223301,0.00804898713046136,True
295,Japan,badminton,0.9590612449327034,0.10065788042874578,True
296,Japan,boxing,0.8186776304114747,0.057362957767286615,True
297,Japan,cycling,0.5648525155426012,0.023112974863084317,True
298,Japan,swimming,0.4245319540979598,-0.06003157089765615,False
299,Japan,shooting,0.3175481740602468,-0.019910531317301704,False
300,Japan,gymnastics,1.3995713219335475,0.05345515695799409,True
301,Japan,wrestling,1.1655930504538237,0.1888674354103196,True
302,Japan,skiing,0.19611185763906516,-0.0006399782430682463,False
303,Japan,bowling,0.4909722603043229,0.13770465479930433,True
304,Philippines,football,-0.11831098497779137,0.019094701173252304,False
305,Philippines,basketball,1.1493954630914427,0.03433967655234234,True
306,Philippines,cricket,0.35737000690519144,0.04124778100040298,True
307,Philippines,hockey,-0.7673899763292257,-0.03900240649897428,True
308,Philippines,tennis,0.5138469784577866,-0.03293547305318645,False
309,Philippines,volleyball,2.4512702553088745,0.02483737112285673,True
310,Philippines,baseball,1.1997165344416905,0.038734810713399084,True
311,Philippines,rugby,-0.5597622894732883,-0.03094280838621436,True
312,Philippines,golf,0.39373105089920335,-0.005838801636659058,False
313,Philippines,athletics,1.105189360364056,0.05577140715059675,True
314,Philippines,badminton,1.8611688055036104,-0.0265912960607665,False
315,Philippines,boxing,1.4372677017615092,0.09430744518545997,True
316,Philippines,cycling,0.19790146359339128,-0.02609555711836976,False
317,Philippines,swimming,0.588252331264156,-0.025901033400832604,False
318,Philippines,shooting,0.15781561353123913,0.029202249780698814,True
319,Philippines,gymnastics,0.37165139227438027,0.013142045517408382,True
320,Philippines,wrestling,0.4817309116931961,0.11666044722653525,True
321,Philippines,skiing,-0.879641071313593,-0.06780639804568263,True
322,Philippines,bowling,0.26738465168099873,0.027828585625328733,True
323,Vietnam,football,0.29028230798983745,0.08461900281157055,True
324,Vietnam,basketball,0.2509246433956436,0.0823224945539733,True
325,Vietnam,cricket,0.07046613268848989,0.10172173327439844,True
326,Vietnam,hockey,-0.17597311113434255,0.11655294319620528,False
327,Vietnam,tennis,0.135736220344009,0.10909886323594976,True
328,Vietnam,volleyball,1.1045669763058852,0.07220889711919035,True
329,Vietnam,baseball,0.2339636424027725,0.0780115396795734,True
330,Vietnam,rugby,0.4114696966274008,0.14479556291400064,True
331,Vietnam,golf,0.4401811569201081,0.1510090861672522,True
332,Vietnam,athletics,-0.06631008155853528,-0.05859762060616479,True
333,Vietnam,badminton,1.511646862641167,0.11148175983503236,True
334,Vietnam,boxing,0.9179169993696898,0.08985002659915459,True
335,Vietnam,cycling,0.885837086710843,0.07575037490990097,True
336,Vietnam,swimming,0.6342565100984384,0.07781241869512559,True
337,Vietnam,shooting,0.3973732133547053,0.07003046003566869,True
338,Vietnam,gymnastics,0.0005390533195541963,-0.018846799514405432,False
339,Vietnam,wrestling,-0.1709791778165219,0.08235600744840445,False
340,Vietnam,skiing,0.1860937209503627,0.04279336019077033,True
341,Vietnam,bowling,-0.3140743545092041,0.15566233668298105,False
342,Iran,football,0.7121737423624614,-0.2268387837683757,False
343,Iran,basketball,0.7870845472583808,-0.055029935110062066,False
344,Iran,cricket,0.78200899580771,-0.10064501485835337,False
345,Iran,hockey,-0.1069808530535475,-0.14069090260987555,True
346,Iran,tennis,0.5208336986994601,0.08740205784036452,True
347,Iran,volleyball,1.4763317026269966,0.2526146099236644,True
348,Iran,baseball,-0.10062550432670883,-0.2391821399252382,True
349,Iran,rugby,-0.6226992924013403,-0.23592209927839244,True
350,Iran,golf,-0.2943701283339269,-0.1990459998593129,True
351,Iran,athletics,0.4996989186031269,-0.1620390683703933,False
352,Iran,badminton,0.557107690228115,0.08597082496133948,True
353,Iran,boxing,-0.09943201567439136,-0.2301747799851541,True
354,Iran,cycling,0.17606664154070828,-0.14697510263662444,False
355,Iran,swimming,-0.3355935268596388,0.06210839139581624,False
356,Iran,shooting,0.4149430026837809,-0.08460338040448287,False
357,Iran,gymnastics,0.9027062687180564,0.08715950930205657,True
358,Iran,wrestling,0.6953328306424517,-0.05079627995379414,False
359,Iran,skiing,0.11211206229197884,-0.11305325772446795,False
360,Iran,bowling,0.510275729372605,-0.02527950916769501,False
361,Turkey,football,0.8733401244719432,-0.1428457421087002,False
362,Turkey,basketball,1.0663986372452108,-0.05340508012071672,False
363,Turkey,cricket,0.03458335036722119,-0.10015211886645256,False
364,Turkey,hockey,-0.17434096288867504,-0.041406273830545216,True
365,Turkey,tennis,0.7789706391995614,0.050427990941505914,True
366,Turkey,volleyball,1.8905509417897943,0.2274385624535552,True
367,Turkey,baseball,0.002582368650063493,-0.1540197030584515,False
368,Turkey,rugby,-0.7665853221506257,-0.1599599060980193,True
369,Turkey,golf,0.4115262937044769,-0.16826344535838836,False
370,Turkey,athletics,1.3445746660899698,-0.030648482091934895,False
371,Turkey,badminton,1.0707301976341714,0.13094841729702422,True
372,Turkey,boxing,0.1349864574377095,-0.03323619937209426,False
373,Turkey,cycling,0.9180038857056508,0.03089932490165825,True
374,Turkey,swimming,0.31129734081082205,0.016087500219322034,True
375,Turkey,shooting,1.1769246044487331,-0.05775287729604076,False
376,Turkey,gymnastics,1.3560494239825105,0.10602603926344042,True
377,Turkey,wrestling,0.428734889734891,0.08674418013095349,True
378,Turkey,skiing,1.5516845359176563,0.037720922812211885,True
379,Turkey,bowling,0.4791001310275346,-0.017876174296445668,False
380,Russia,football,0.27424772564163524,-0.16825549434385811,False
381,Russia,basketball,0.04237866290701051,-0.0519471518367318,False
382,Russia,cricket,-0.9050514812566128,-0.1667091647044488,True
383,Russia,hockey,1.2731051690694999,0.024852665910233846,True
384,Russia,tennis,0.475682234434136,0.11279672655923155,True
385,Russia,volleyball,0.7622575117067694,0.26642879464273816,True
386,Russia,baseball,-0.061518115670032736,-0.22252370774635186,True
387,Russia,rugby,-0.4057807431315613,-0.15435210355623016,True
388,Russia,golf,-0.8164489567455746,-0.20329204834238712,True
389,Russia,athletics,-0.0561779501686569,-0.19716802335139735,True
390,Russia,badminton,-0.2796582454487021,0.07191952678661385,False
391,Russia,boxing,0.0884098960885556,-0.14709399742785356,False
392,Russia,cycling,0.10556815308361976,-0.07005746759628001,False
393,Russia,swimming,-0.63843266065141,0.15769645095723092,False
394,Russia,shooting,0.141111261288065,0.0669105541688787,True
395,Russia,gymnastics,0.5082863079632561,0.039224643564688716,True
396,Russia,wrestling,0.8900332033201293,-0.05120211460596492,False
397,Russia,skiing,0.9812222880608482,0.04948228463244938,True
398,Russia,bowling,-1.2957776786785056,-0.11402384178393862,True
399,Germany,football,0.44822976379348256,0.064655570070021,True
400,Germany,basketball,-0.499476945968985,0.07806784026836258,False
401,Germany,cricket,-1.0425865648990584,0.1357099912862012,False
402,Germany,hockey,-0.04725298111116708,0.2679050784197235,False
403,Germany,tennis,0.4788014538340032,0.32522647228872503,True
404,Germany,volleyball,0.5362807632992374,0.2344033275092013,True
405,Germany,baseball,-0.5589099841122332,0.06106117125712386,False
406,Germany,rugby,-0.17168577585148245,0.167375058623633,False
407,Germany,golf,-0.2035597110387945,0.22164856336114666,False
408,Germany,athletics,1.082883616082826,0.04594796894494208,True
409,Germany,badminton,0.6335902617558162,0.2884382243768178,True
410,Germany,boxing,-0.09813902573374993,-0.003936127206915572,True
411,Germany,cycling,1.4770091703550428,0.2926734406313169,True
412,Germany,swimming,0.4818184122898784,-0.020450567917994968,False
413,Germany,shooting,-0.08401446438290536,-0.10430989414605207,True
414,Germany,gymnastics,1.8893900479193304,0.09576201300635016,True
415,Germany,wrestling,0.6023645320773463,0.18785130769812786,True
416,Germany,skiing,1.693285153172183,0.2377351876796385,True
417,Germany,bowling,0.2591001413852026,0.2037335579141278,True
418,United Kingdom,football,0.8331490344789407,0.22612087676207496,True
419,United Kingdom,basketball,-0.436549058768456,0.04315381697567077,False
420,United Kingdom,cricket,1.0198077613389178,0.3750814687564507,True
421,United Kingdom,hockey,-0.3726105244059466,0.23700162982694875,False
422,United Kingdom,tennis,0.6884370531191482,0.03552697492589458,True
423,United Kingdom,volleyball,-0.5110120041871631,-0.1701136929869484,True
424,United Kingdom,baseball,-0.9590237810806465,0.18504473025380447,False
425,United Kingdom,rugby,1.6761762681080488,0.3528329562891595,True
426,United Kingdom,golf,0.6569711406881661,0.2890226273563945,True
427,United Kingdom,athletics,0.5488701615365191,0.2848126623727369,True
428,United Kingdom,badminton,0.6725305006986726,0.10289978782315244,True
429,United Kingdom,boxing,0.5170731345592097,0.1485145709728939,True
430,United Kingdom,cycling,1.5920076910322012,0.2484248684943835,True
431,United Kingdom,swimming,-0.23418166956627745,-0.1558200068798602,True
432,United Kingdom,shooting,-0.22296018244885524,-0.0785237045272046,True
433,United Kingdom,gymnastics,0.1372067866715044,0.07731299793281363,True
434,United Kingdom,wrestling,-0.09683330607306792,0.2460185332713134,False
435,United Kingdom,skiing,0.5713380347922639,0.11854387433479445,True
436,United Kingdom,bowling,0.6415312084554619,0.26903671850331023,True
437,France,football,0.16563444600686208,-0.007788193319247759,False
438,France,basketball,-0.3884591818589633,0.015039855854296166,False
439,France,cricket,-0.6355210405582978,-0.025957743890803082,True
440,France,hockey,-0.35173971988143404,0.08797115439963507,False
441,France,tennis,0.6848919065669059,0.2267937456544768,True
442,France,volleyball,0.3340485152624573,0.2404077340570976,True
443,France,baseball,-0.8222774731303113,-0.03787947084476261,True
444,France,rugby,0.9967691540333484,0.15405313135007187,True
445,France,golf,0.17959817541567333,0.04144802701987453,True
446,France,athletics,-0.04287928189866712,-0.12309670718049867,True
447,France,badminton,-0.2939122208294096,0.13956527337241914,False
448,France,boxing,-0.16722562676521574,-0.06334937835822269,True
449,France,cycling,1.7388474129587694,0.20548750864087195,True
450,France,swimming,0.14797016719148431,0.12967771524118302,True
451,France,shooting,0.300740529378052,-0.037569109947942735,False
452,France,gymnastics,0.6826741747474752,-0.03883642453062144,False
453,France,wrestling,-0.4418868242236231,-0.03874138290917017,True
454,France,skiing,1.265787056563047,0.12325536720927645,True
455,France,bowling,-0.7829155582191367,-0.024398041387837768,True
456,Italy,football,0.25605085104676845,-0.2128738564523384,False
457,Italy,basketball,-0.04195662589587056,-0.10738915899051864,True
458,Italy,cricket,-0.7072987530853262,-0.2997310436677841,True
459,Italy,hockey,-0.6977450176004554,-0.13854999608285384,True
460,Italy,tennis,0.3938675665209206,0.13799632075953694,True
461,Italy,volleyball,0.7895333164856245,0.3212428927544905,True
462,Italy,baseball,-0.7502903386540477,-0.24491298419177465,True
463,Italy,rugby,0.2114214770540799,-0.18294896815008926,False
464,Italy,golf,-0.21465485159796924,-0.1949480172023012,True
465,Italy,athletics,0.3839500686302793,-0.29416386305405096,False
466,Italy,badminton,-0.3939501461365951,0.017096418354669348,False
467,Italy,boxing,0.32395326118130835,-0.17733414921308266,False
468,Italy,cycling,1.282752751736254,0.01842837068016576,True
469,Italy,swimming,-0.1377332709255613,0.18427930104471274,False
470,Italy,shooting,0.3307254408565166,-0.03094622796963572,False
471,Italy,gymnastics,1.0047982123205457,-0.07754661496318763,False
472,Italy,wrestling,0.3737617500471615,-0.1833651945757344,False
473,Italy,skiing,0.9111256878682538,0.03801072503194835,True
474,Italy,bowling,-0.4761609523096434,-0.2306746798865705,True
475,Spain,football,0.5295474697766016,-0.14491412772403747,False
476,Spain,basketball,0.08714475264214988,-0.041094098016792265,False
477,Spain,cricket,-0.6353708039760251,-0.2681291356863991,True
478,Spain,hockey,-1.4097119062471428,-0.11981324324653796,True
479,Spain,tennis,0.7033176628871055,0.13832621354287042,True
480,Spain,volleyball,0.9542668452794342,0.34777093541095977,True
481,Spain,baseball,0.03995298225299584,-0.14149208961272813,False
482,Spain,rugby,-0.0945064095208979,-0.16924090774688902,True
483,Spain,golf,0.3050068200632539,-0.19523451712462492,False
484,Spain,athletics,0.5983394807855653,-0.2310017989768624,False
485,Spain,badminton,-0.19522938064280967,0.04601454874327828,False
486,Spain,boxing,0.6123425768127088,-0.06888077882115856,False
487,Spain,cycling,2.126884801092402,0.02602969474727913,True
488,Spain,swimming,0.4842470325612288,0.2234080201790915,True
489,Spain,shooting,0.33204790714633786,0.05307123998674144,True
490,Spain,gymnastics,0.6076300978455836,-0.0495158974384341,False
491,Spain,wrestling,0.22918316948303924,-0.1236444492904736,False
492,Spain,skiing,0.27560545404646714,-0.001904279440669988,False
493,Spain,bowling,-1.1326972483077795,-0.2211324320996413,True
494,Ukraine,football,0.8758160261479633,-0.07119466534544913,False
495,Ukraine,basketball,0.5286076908299476,0.002661183917627585,True
496,Ukraine,cricket,-0.9374503665907096,-0.09676457808729104,True
497,Ukraine,hockey,1.13322044028306,0.03253564413249448,True
498,Ukraine,tennis,0.3855110874207717,0.057018942065469785,True
499,Ukraine,volleyball,1.2715149114416069,0.16734703627111122,True
500,Ukraine,baseball,-0.4546747173527623,-0.1487774765841471,True
501,Ukraine,rugby,0.54437083809885,-0.06245940892954367,False
502,Ukraine,golf,-0.7928454378011601,-0.15690479785590386,True
503,Ukraine,athletics,0.6441882086565447,-0.11737222195197425,False
504,Ukraine,badminton,-0.10119843665253568,0.044628145646728214,False
505,Ukraine,boxing,0.4419410062071157,-0.05944921825288105,False
506,Ukraine,cycling,0.9124252094153344,-0.017071834559544474,False
507,Ukraine,swimming,-0.0005509586139851286,0.08779504019986857,False
508,Ukraine,shooting,0.6368042598133904,0.05328883156928079,True
509,Ukraine,gymnastics,1.3548990476827951,0.0418739699998837,True
510,Ukraine,wrestling,1.3095166830806295,0.02725287747306087,True
511,Ukraine,skiing,1.0354224712450244,0.0117218201321517,True
512,Ukraine,bowling,-0.4184795472918479,-0.10508601842518517,True
513,Poland,football,0.7702025553034559,0.047598461347247836,True
514,Poland,basketball,-0.027823185054938245,0.07296727663832209,False
515,Poland,cricket,-0.8544144264770607,0.020998660578718457,False
516,Poland,hockey,0.3795059237501632,0.15058821255010016,True
517,Poland,tennis,0.2793260394502935,0.1820642271465751,True
518,Poland,volleyball,0.9335062135203848,0.21274098251725784,True
519,Poland,baseball,0.07863286767760751,0.01517887932776286,True
520,Poland,rugby,0.6448226881502979,0.07269575014656768,True
521,Poland,golf,-0.10737291396984958,0.057821385714240926,False
522,Poland,athletics,1.0033515777932411,-0.021567241930555262,False
523,Poland,badminton,-0.03618474994866076,0.15215467196840005,False
524,Poland,boxing,0.4256467113531761,0.07834407011693469,True
525,Poland,cycling,0.8609102711251267,0.18087177581069014,True
526,Poland,swimming,-0.481984597670316,0.08797344769333255,False
527,Poland,shooting,0.5875127279987383,0.04927261732069387,True
528,Poland,gymnastics,1.5971465151162203,0.08255194427789593,True
529,Poland,wrestling,0.7574872584385598,0.1244204296503747,True
530,Poland,skiing,1.3925662343592178,0.17503858750046236,True
531,Poland,bowling,0.2649884553851429,0.07534183172108395,True
532,Romania,football,0.950397363086237,-0.09388593263151976,False
533,Romania,basketball,0.6980541287566032,-0.033985378360585614,False
534,Romania,cricket,-0.6934612467232153,-0.21221359827954234,True
535,Romania,hockey,-0.7747889646162498,-0.09810293108805897,True
536,Romania,tennis,0.6328713621303402,0.07421804837844083,True
537,Romania,volleyball,1.8273433322921164,0.2161070399749084,True
538,Romania,baseball,-0.7395771901798575,-0.1761544709059529,True
539,Romania,rugby,1.0140218439959954,-0.07688743774078978,False
540,Romania,golf,-0.846440822688358,-0.18230905344511564,True
541,Romania,athletics,1.0429727637367754,-0.15515718783682875,False
542,Romania,badminton,0.16369112209745942,0.005180778190290532,True
543,Romania,boxing,0.2672566694027602,-0.07012360184751862,False
544,Romania,cycling,1.3676013651915355,0.07041147846843117,True
545,Romania,swimming,0.2968788973982357,0.1372461991790964,True
546,Romania,shooting,0.6297843521348037,0.05144429138844557,True
547,Romania,gymnastics,1.9069146075289152,-0.013007171860881888,False
548,Romania,wrestling,1.4811843704296042,-0.024077214095037488,False
549,Romania,skiing,0.8498589445277109,0.019297560201738225,True
550,Romania,bowling,-0.5151144090443833,-0.1761909035923619,True
551,Netherlands,football,0.3996032925435165,0.2430533846152365,True
552,Netherlands,basketball,0.16170830074439976,0.14842120422853186,True
553,Netherlands,cricket,-0.2714028984881625,0.2630161014940901,False
554,Netherlands,hockey,-0.3781956332533816,0.32903161152563626,False
555,Netherlands,tennis,0.5859865488721776,0.2273590075210793,True
556,Netherlands,volleyball,0.7205804938991287,0.061904411761763735,True
557,Netherlands,baseball,-0.5535540369559473,0.2218991162981896,False
558,Netherlands,rugby,0.4818261520179655,0.362489810148384,True
559,Netherlands,golf,0.08544673797003427,0.3036503001658803,True
560,Netherlands,athletics,0.7070483121187254,0.18282748453118008,True
561,Netherlands,badminton,0.9761324419588634,0.21765815512642306,True
562,Netherlands,boxing,0.12942451452920434,0.1843531067255835,True
563,Netherlands,cycling,2.0853468949822056,0.3551998534479629,True
564,Netherlands,swimming,0.18860431032950026,-0.040467305062077616,False
565,Netherlands,shooting,-0.21475079731058172,-0.02962305216090565,True
566,Netherlands,gymnastics,0.9214924884334376,0.04226494707932385,True
567,Netherlands,wrestling,-0.04735615042604362,0.27073656640799965,False
568,Netherlands,skiing,0.19758655457441707,0.2312018946607827,True
569,Netherlands,bowling,0.6879498973644086,0.25558882098401353,True
570,Austria,football,0.08550157437058963,0.06371527609954007,True
571,Austria,basketball,-0.3737862688844648,0.07892738328617831,False
572,Austria,cricket,-1.059513206171795,0.06505559133440941,False
573,Austria,hockey,0.6385291428711589,0.21844593413084784,True
574,Austria,tennis,0.7298983307515199,0.2497572666524576,True
575,Austria,volleyball,0.3518569749467516,0.21994767136597845,True
576,Austria,baseball,-0.5169142937203346,0.035036200787310325,False
577,Austria,rugby,-0.4569661369982995,0.14348047460606014,False
578,Austria,golf,0.23752538927094466,0.13385758229649594,True
579,Austria,athletics,0.6062932345564613,0.0760771704529662,True
580,Austria,badminton,0.07364202057972907,0.2228537677796339,True
581,Austria,boxing,-0.3946111794857413,0.031801128991728406,False
582,Austria,cycling,1.5105231243033541,0.2783378349572445,True
583,Austria,swimming,-0.33911828652757114,-0.026369401118615958,True
584,Austria,shooting,0.5373951753864671,-0.07148616263882875,False
585,Austria,gymnastics,1.3452022255369818,0.11361489969171565,True
586,Austria,wrestling,-0.4657845365227098,0.2052542586917888,False
587,Austria,skiing,2.9940803591204124,0.21850955138183084,True
588,Austria,bowling,0.10084429398803922,0.13488987757655868,True
589,United States,football,0.2493123575382099,0.24472339662878406,True
590,United States,basketball,1.1812503210612688,0.11054583069517973,True
591,United States,cricket,-0.9137179956114664,0.31285057827148,False
592,United States,hockey,0.07692361050486997,0.2006963692309749,True
593,United States,tennis,0.5620379358313548,0.022866127980926892,True
594,United States,volleyball,0.9445247448109968,-0.1622495613339732,False
595,United States,baseball,1.2628936746177462,0.26487863305093856,True
596,United States,rugby,-0.2761843220101713,0.2743466979058655,False
597,United States,golf,0.6241062478446089,0.34712002952531484,True
598,United States,athletics,0.5217182135579868,0.25735161233713905,True
599,United States,badminton,-0.06626342902838259,0.044328859902060175,False
600,United States,boxing,1.235428331613315,0.12309430882538143,True
601,United States,cycling,0.5197041265873683,0.16193114003037262,True
602,United States,swimming,-0.2603069393444329,-0.1965156035053148,True
603,United States,shooting,0.043724044054173884,-0.0734849937109593,False
604,United States,gymnastics,0.6453940126214657,0.05742424717140876,True
605,United States,wrestling,0.8205157325507163,0.2743225943675765,True
606,United States,skiing,0.5573414629164598,0.08338404669193256,True
607,United States,bowling,0.8229984617802346,0.2539326411242771,True
608,Mexico,football,0.357215623747781,-0.14180989700187846,False
609,Mexico,basketball,0.4627502169799642,-0.030283066025783057,False
610,Mexico,cricket,-0.9429890303476294,-0.2729931509856514,True
611,Mexico,hockey,-0.5976270795342703,-0.14378144515272204,True
612,Mexico,tennis,0.03350669732230247,0.1106477134294924,True
613,Mexico,volleyball,1.3023027805722605,0.2973487310368093,True
614,Mexico,baseball,1.3902025182770437,-0.13160431139941514,False
615,Mexico,rugby,-0.66950770788525,-0.2083536027889115,True
616,Mexico,golf,-0.14207544049432316,-0.18283757907258072,True
617,Mexico,athletics,-0.1660331566911951,-0.3050388874958123,True
618,Mexico,badminton,-0.8031006895263106,0.0024610720914864195,False
619,Mexico,boxing,0.5776615456028521,-0.09799798862938597,False
620,Mexico,cycling,0.67258546072273,-0.0627043037669599,False
621,Mexico,swimming,0.3763129750915683,0.24080582356860786,True
622,Mexico,shooting,-0.03094031744074232,0.08731205244139645,False
623,Mexico,gymnastics,0.1826340575888224,-0.0925036805293834,False
624,Mexico,wrestling,0.6809312405004962,-0.16637615068214584,False
625,Mexico,skiing,0.08824440350105113,-0.03341100696160239,False
626,Mexico,bowling,-0.5525812997278804,-0.2319126274547255,True
627,Canada,football,-0.2219408072196062,0.11268268577972786,False
628,Canada,basketball,0.29903507665262824,0.052973833758890414,True
629,Canada,cricket,0.11395830075138295,0.286417795428084,True
630,Canada,hockey,2.2581729332191434,0.23704791373027906,True
631,Canada,tennis,-0.04240149414590411,0.08054469222677885,False
632,Canada,volleyball,0.2802459579663567,-0.06581877871758579,False
633,Canada,baseball,0.4462831799144412,0.10098687818676784,True
634,Canada,rugby,0.7812603716114327,0.273763646454292,True
635,Canada,golf,0.08610112406088674,0.2429823168791884,True
636,Canada,athletics,0.24195843168696046,0.14487432359390315,True
637,Canada,badminton,0.4662334755881819,0.15522535968002862,True
638,Canada,boxing,0.6184362980493878,0.0007363225234932565,True
639,Canada,cycling,1.4276377787759802,0.2098920699035373,True
640,Canada,swimming,0.2138518726830804,-0.24740854517688984,False
641,Canada,shooting,-0.016958101147168586,-0.16471062548134818,True
642,Canada,gymnastics,0.34465599521044993,0.0301061141821116,True
643,Canada,wrestling,0.4727003553353149,0.2054944860037337,True
644,Canada,skiing,1.5801127911615431,0.0740932985884873,True
645,Canada,bowling,0.7324205597922591,0.2394072865729205,True
646,Guatemala,football,0.22898813638339996,-0.11431322333797117,False
647,Guatemala,basketball,0.4988185786948684,-0.01783557064745771,False
648,Guatemala,cricket,-0.4144172673098654,-0.2415487159945535,True
649,Guatemala,hockey,-0.8368372508060715,-0.14369135237273578,True
650,Guatemala,tennis,-0.11516144487405275,0.05351043548644405,False
651,Guatemala,volleyball,1.4623635698538648,0.2587215217507966,True
652,Guatemala,baseball,1.3359162397082325,-0.09752506601443414,False
653,Guatemala,rugby,-0.9507735078290136,-0.18110156475001216,True
654,Guatemala,golf,-0.24535707885073946,-0.18634708433312552,True
655,Guatemala,athletics,0.06638192317866888,-0.18539696982303744,False
656,Guatemala,badminton,-0.1365344658315845,-0.009086964776536552,True
657,Guatemala,boxing,0.12831427315971355,-0.026442509365226168,False
658,Guatemala,cycling,0.1255767067159707,-0.007367959733822152,False
659,Guatemala,swimming,-0.4134557682674244,0.190081799140108,False
660,Guatemala,shooting,-0.1854841249392585,0.09359795011371157,False
661,Guatemala,gymnastics,0.09804838117710464,-0.03387656505743907,False
662,Guatemala,wrestling,-0.003138184874410162,-0.05676097686424151,True
663,Guatemala,skiing,0.10905976966528544,-0.013124883483647496,False
664,Guatemala,bowling,-0.3476666870650401,-0.18550054405960806,True
665,Haiti,football,0.1796415902277797,0.05594886957783378,True
666,Haiti,basketball,0.9328751280375348,0.04651684121652749,True
667,Haiti,cricket,-0.29809767882815424,-0.02460815653287921,True
668,Haiti,hockey,-0.5185135535064476,-0.012965666212217772,True
669,Haiti,tennis,-0.3430206234056781,0.11015038847493798,False
670,Haiti,volleyball,1.281341875519606,0.09923878668994626,True
671,Haiti,baseball,0.5900760462909193,0.028267275519683395,True
672,Haiti,rugby,0.3132047728561677,0.0923949249977447,True
673,Haiti,golf,-0.4749625212540605,0.01649343727017335,False
674,Haiti,athletics,0.15466272532352673,-0.19289015991842984,False
675,Haiti,badminton,-0.7122707970621579,-0.0071154516856593766,True
676,Haiti,boxing,0.7021916372733199,-0.003118673340415277,False
677,Haiti,cycling,-0.22136066350323613,0.049915223532857066,False
678,Haiti,swimming,0.8313606380235854,0.1892791935799488,True
679,Haiti,shooting,-0.43737463206261856,0.07794911039392947,False
680,Haiti,gymnastics,0.02630433117533602,-0.13174433457162704,False
681,Haiti,wrestling,-0.2379955577430325,-0.08763430183589377,True
682,Haiti,skiing,-0.572491486967324,0.026055779615453932,False
683,Haiti,bowling,-0.5642551766752557,-0.1177779230031656,True
684,Cuba,football,0.02618278951521031,-0.12617218965055188,False
685,Cuba,basketball,-0.1872985678918573,-0.035724711013280765,True
686,Cuba,cricket,-1.1764208930887197,-0.2689803957366902,True
687,Cuba,hockey,-0.4578467413349622,-0.1433440416693644,True
688,Cuba,tennis,0.20126403137189056,0.10667885244240742,True
689,Cuba,volleyball,1.4637419245198924,0.2859329599009929,True
690,Cuba,baseball,1.1656101526677805,-0.11625879901600332,False
691,Cuba,rugby,-0.8917488802381067,-0.1972655795966704,True
692,Cuba,golf,0.10154263300651784,-0.17683254996940434,False
693,Cuba,athletics,-0.18789134630440454,-0.2902983119770991,True
694,Cuba,badminton,-0.717496863528974,-6.186225456548608e-05,True
695,Cuba,boxing,0.95140705431245,-0.0574651824942699,False
696,Cuba,cycling,-0.023403749678532468,-0.04092822513522526,True
697,Cuba,swimming,0.601276217750788,0.26058322155777136,True
698,Cuba,shooting,-0.5219791635119331,0.09869466701051972,False
699,Cuba,gymnastics,0.03814713413668032,-0.1085084448892625,False
700,Cuba,wrestling,-0.5518136922790721,-0.17661481251712646,True
701,Cuba,skiing,-0.3567189110625565,-0.01833287843871026,True
702,Cuba,bowling,-0.993769990102602,-0.2354490462167352,True
703,Dominican Republic,football,0.020379801401666585,-0.11119407365187156,False
704,Dominican Republic,basketball,0.6079822976763809,-0.015836064011121403,False
705,Dominican Republic,cricket,-0.8278993428367536,-0.2182745487082932,True
706,Dominican Republic,hockey,-0.9862817461651768,-0.12130493777206645,True
707,Dominican Republic,tennis,0.5298532853612672,0.08466506116147862,True
708,Dominican Republic,volleyball,1.9894837125071816,0.3144012685273127,True
709,Dominican Republic,baseball,1.3987262335071065,-0.1051963724937046,False
710,Dominican Republic,rugby,-0.2830803163057034,-0.13102768548640742,True
711,Dominican Republic,golf,0.120958619197681,-0.17849065523589966,False
712,Dominican Republic,athletics,0.2532384308119413,-0.14932742863839873,False
713,Dominican Republic,badminton,-0.2514884573289321,0.014218783607853244,False
714,Dominican Republic,boxing,0.3321740819424409,-0.059480986149794024,False
715,Dominican Republic,cycling,0.4843078313993046,0.04472664843367398,True
716,Dominican Republic,swimming,0.5381418827558082,0.1776179906236021,True
717,Dominican Republic,shooting,-0.29902003768642565,0.03182167152644656,False
718,Dominican Republic,gymnastics,0.032108929364318264,-0.011346737983169423,False
719,Dominican Republic,wrestling,-0.4790691831287562,-0.041160443574945416,True
720,Dominican Republic,skiing,-0.11339077561258043,0.024320406289543902,False
721,Dominican Republic,bowling,-0.1470948779566701,-0.14888815868892524,True
722,Honduras,football,0.7155332641290876,-0.06571580006678432,False
723,Honduras,basketball,1.0225733148007856,-0.002965009833655555,False
724,Honduras,cricket,-0.8549207750927572,-0.2029347071936272,True
725,Honduras,hockey,-0.6007816336040489,-0.13341151008458146,True
726,Honduras,tennis,-0.1398583472419426,0.05204818861901034,False
727,Honduras,volleyball,1.679440127403519,0.18438992774087568,True
728,Honduras,baseball,1.2318618422876833,-0.0504599443939194,False
729,Honduras,rugby,-0.3332405095335481,-0.1391875019696224,True
730,Honduras,golf,-0.013548424973343085,-0.11953885012141413,True
731,Honduras,athletics,0.17730327576231308,-0.21436094410207476,False
732,Honduras,badminton,-0.6716241893374497,-0.03566323238569046,True
733,Honduras,boxing,0.8426547974053892,-0.012632643777480341,False
734,Honduras,cycling,-0.32032266585634434,-0.014626563106393606,True
735,Honduras,swimming,0.3853340857345249,0.18447632583537485,True
736,Honduras,shooting,-0.1716705971935771,0.09584860087416912,False
737,Honduras,gymnastics,0.6938401195442788,-0.08074854142827169,False
738,Honduras,wrestling,0.2158635772910934,-0.08177746804623373,False
739,Honduras,skiing,-0.1102966232609118,-0.015693124778048528,True
740,Honduras,bowling,-0.5285298561438071,-0.1933092889598329,True
741,Nicaragua,football,0.21001349544175,-0.11113593458639734,False
742,Nicaragua,basketball,0.4804857198938546,-0.038386571384258134,False
743,Nicaragua,cricket,-0.6346254800933562,-0.24614990386859514,True
744,Nicaragua,hockey,-0.9208206203866784,-0.17734840519031,True
745,Nicaragua,tennis,0.10148571876000477,0.0002123399393630571,True
746,Nicaragua,volleyball,1.9712426811605688,0.20836133777178853,True
747,Nicaragua,baseball,0.936533605257206,-0.0998583126805171,False
748,Nicaragua,rugby,-0.2830939526559647,-0.1820441104947257,True
749,Nicaragua,golf,-0.1434994995272621,-0.1940998157484156,True
750,Nicaragua,athletics,0.4530541455602994,-0.16685696525381769,False
751,Nicaragua,badminton,-0.1962007448492835,-0.0604573035999148,True
752,Nicaragua,boxing,0.7778010026513614,-0.01804936447890497,False
753,Nicaragua,cycling,0.2261157834786817,-0.022692397983930357,False
754,Nicaragua,swimming,0.15324216805328345,0.19429191568116647,True
755,Nicaragua,shooting,-0.3447120236399581,0.11010192974755223,False
756,Nicaragua,gymnastics,0.8114249481724513,-0.03167596070747105,False
757,Nicaragua,wrestling,0.7508762021298748,-0.06759957853772512,False
758,Nicaragua,skiing,-0.06637004841650337,-0.010323482323883163,True
759,Nicaragua,bowling,-0.18553824319352646,-0.18079463192666234,True
760,El Salvador,football,0.6017498488093375,-0.1368082755125834,False
761,El Salvador,basketball,0.4114095850015396,-0.03322219904818284,False
762,El Salvador,cricket,-0.7495032583823288,-0.267124745925812,True
763,El Salvador,hockey,-0.989114003625279,-0.15794576097677102,True
764,El Salvador,tennis,-0.12059072641076007,0.0866223400547394,False
765,El Salvador,volleyball,1.756588276346979,0.285816617951468,True
766,El Salvador,baseball,0.9467540206052272,-0.12372251305272593,False
767,El Salvador,rugby,-0.5492769929157965,-0.19888747221279932,True
768,El Salvador,golf,-0.650852198369062,-0.1955377727559892,True
769,El Salvador,athletics,0.3331480002913194,-0.24153775435297856,False
770,El Salvador,badminton,-0.9154295412503174,-0.018439935262587515,True
771,El Salvador,boxing,0.8149553018889454,-0.06562161805849126,False
772,El Salvador,cycling,0.3179837472999044,-0.03270836306257612,False
773,El Salvador,swimming,-0.15022985471597478,0.2343625940013353,False
774,El Salvador,shooting,-0.2990575594562722,0.09271656380000236,False
775,El Salvador,gymnastics,0.4554496147437822,-0.06068188739367787,False
776,El Salvador,wrestling,0.4715420344701677,-0.12349607811348508,False
777,El Salvador,skiing,-0.32610861188908835,-0.014294199890830075,True
778,El Salvador,bowling,-0.8731939608525083,-0.21577176834174844,True
779,Brazil,football,0.9715094146164304,-0.0998481343131149,False
780,Brazil,basketball,0.8360533268435801,-0.013732353460777304,False
781,Brazil,cricket,-0.19822495602380874,-0.2337238770778517,True
782,Brazil,hockey,-0.8559773821701595,-0.12720785532121592,True
783,Brazil,tennis,0.4700962377707023,0.13878277207998654,True
784,Brazil,volleyball,1.7176447993214738,0.27456940669167584,True
785,Brazil,baseball,0.04218455205044125,-0.118984202911272,False
786,Brazil,rugby,0.4132678350738717,-0.14534563580185447,False
787,Brazil,golf,-0.5667430902912486,-0.12049350019969435,True
788,Brazil,athletics,0.9420974687146988,-0.2534426667361177,False
789,Brazil,badminton,0.08272256276911984,0.014493001785694213,True
790,Brazil,boxing,0.7012030635931265,-0.09334714854568997,False
791,Brazil,cycling,0.6093655180575076,-0.016558263963777024,False
792,Brazil,swimming,0.525138735687961,0.2087700839022336,True
793,Brazil,shooting,-0.3187785969806589,0.0675524491175728,False
794,Brazil,gymnastics,0.7105425971688504,-0.09876350665903996,False
795,Brazil,wrestling,0.6180567765978936,-0.13603840094502045,False
796,Brazil,skiing,-0.5442183785956362,-0.041968011588610896,True
797,Brazil,bowling,-0.6572614407678243,-0.1927849879341139,True
798,Columbia,football,-0.1809489922782796,0.2117927105940708,False
799,Columbia,basketball,0.9516967321496402,0.09400960132846947,True
800,Columbia,cricket,-1.2244283013440094,0.26770694837038755,False
801,Columbia,hockey,0.036964152868073766,0.13448620900109962,True
802,Columbia,tennis,-0.2445365133244618,0.02138233646821808,False
803,Columbia,volleyball,0.2398613865684664,-0.14734656822429598,False
804,Columbia,baseball,0.8388966138478959,0.1927613705925932,True
805,Columbia,rugby,-0.4307761109090241,0.2844908480002213,False
806,Columbia,golf,-0.18627183618139875,0.24009621256034636,False
807,Columbia,athletics,-0.12794799216491126,0.17291051647351205,False
808,Columbia,badminton,-0.8154797202236775,0.032194764733333485,False
809,Columbia,boxing,0.6795710542068658,0.0983168612496484,True
810,Columbia,cycling,0.9216957420629404,0.2049013380611225,True
811,Columbia,swimming,0.1467253017788164,-0.08034186023009407,False
812,Columbia,shooting,0.6233745994834052,0.002524025034968883,True
813,Columbia,gymnastics,0.21579358727708506,0.023058246393646658,True
814,Columbia,wrestling,0.4130659492700322,0.2144882951692953,True
815,Columbia,skiing,0.7688405304171181,0.08416864800613733,True
816,Columbia,bowling,0.3796265746684832,0.1997289946942651,True
817,Argentina,football,0.7002079124318208,-0.09483709498414268,False
818,Argentina,basketball,0.38094675444006265,-0.010723548170674124,False
819,Argentina,cricket,-0.4579244083675854,-0.24186660172246305,True
820,Argentina,hockey,-0.4674295687164797,-0.12215921032869945,True
821,Argentina,tennis,0.3316936595197296,0.07655878246299236,True
822,Argentina,volleyball,1.748079296029344,0.2573737967837165,True
823,Argentina,baseball,0.8370277464103424,-0.08764215304673477,False
824,Argentina,rugby,0.880740275881982,-0.1338793633891555,False
825,Argentina,golf,-0.31827635986779346,-0.15995399990776102,True
826,Argentina,athletics,1.1054582686779555,-0.20235558295611789,False
827,Argentina,badminton,-0.9439957118165262,-0.020147873370968974,True
828,Argentina,boxing,0.7250512349213445,-0.03707199795249993,False
829,Argentina,cycling,0.3824257262323341,-0.014348616099125912,False
830,Argentina,swimming,0.2955192994172622,0.20229571268432614,True
831,Argentina,shooting,0.05499861320514381,0.09888099890868693,True
832,Argentina,gymnastics,1.1352735781106154,-0.07191979039874392,False
833,Argentina,wrestling,0.7872835174435658,-0.09706990690147356,False
834,Argentina,skiing,0.5674269522915149,-0.020393241976498864,False
835,Argentina,bowling,-0.6296442342956503,-0.2180172217637172,True
836,Peru,football,-0.14094134916350648,-0.12486859652958028,True
837,Peru,basketball,0.16823259395716297,-0.016019660291044614,False
838,Peru,cricket,-0.33642244966273105,-0.2602440000349985,True
839,Peru,hockey,-0.8483964942606457,-0.15814396038173376,True
840,Peru,tennis,-0.3064954098237799,0.06726688528979477,False
841,Peru,volleyball,1.2596201339092743,0.2604312700919233,True
842,Peru,baseball,0.1097031241410524,-0.1269436120705742,False
843,Peru,rugby,0.34011195358151103,-0.14975366481181324,False
844,Peru,golf,-0.8963932947564028,-0.19056484485557287,True
845,Peru,athletics,0.3676642125262951,-0.24916915875107484,False
846,Peru,badminton,-0.6265020931292022,-0.031490199312569384,True
847,Peru,boxing,0.0375063587277483,-0.0563834220487098,False
848,Peru,cycling,0.3045930249428626,-0.02420310041434576,False
849,Peru,swimming,-0.18072870430685115,0.1935761205214264,False
850,Peru,shooting,-0.16991453407346327,0.08249568602933713,False
851,Peru,gymnastics,0.19831071284254356,-0.07483374392602103,False
852,Peru,wrestling,-0.10126957614055727,-0.11484227684088155,True
853,Peru,skiing,0.4598458865218407,-0.03536682908276448,False
854,Peru,bowling,-0.96656964216658,-0.20944495330104532,True
855,Venezuela,football,0.43548903799425226,-0.09571454032113473,False
856,Venezuela,basketball,0.5790589055425743,-0.009133254405672343,False
857,Venezuela,cricket,-0.7667902941526658,-0.26353604154490634,True
858,Venezuela,hockey,-0.6420463506680059,-0.1561507491677006,True
859,Venezuela,tennis,0.13406342935173776,0.0470330955578078,True
860,Venezuela,volleyball,1.5460837438251465,0.2400870944325368,True
861,Venezuela,baseball,1.2633328071027852,-0.09425577498256713,False
862,Venezuela,rugby,-0.4630375309274236,-0.16562528403258034,True
863,Venezuela,golf,-0.4991569210909834,-0.19035890846614872,True
864,Venezuela,athletics,0.14968809813097825,-0.20433985906716204,False
865,Venezuela,badminton,-1.0000083534237574,-0.03890895009753195,True
866,Venezuela,boxing,1.0962783219234655,-0.01612826116624862,False
867,Venezuela,cycling,0.7350525006749886,-0.03501866644710073,False
868,Venezuela,swimming,0.0043996455817236005,0.21988353786343834,True
869,Venezuela,shooting,-0.14529390330598646,0.12665595242899036,False
870,Venezuela,gymnastics,0.7305515581177163,-0.06984638448183042,False
871,Venezuela,wrestling,0.5586493882756179,-0.09972809046749853,False
872,Venezuela,skiing,-0.5561661904430203,-0.04200930759092344,True
873,Venezuela,bowling,-0.5261088574793599,-0.21036917527510865,True
874,Chile,football,0.6561157599290799,-0.08787425096563714,False
875,Chile,basketball,0.2357260658525795,-0.0006083142293977236,False
876,Chile,cricket,-0.5521178819678904,-0.22580790594538405,True
877,Chile,hockey,-0.6184618158728878,-0.09782802352749978,True
878,Chile,tennis,0.2920671932797417,0.12125171142454101,True
879,Chile,volleyball,1.8551084957959036,0.31200722134868103,True
880,Chile,baseball,0.7062949913301262,-0.08637061048783043,False
881,Chile,rugby,0.8277829845148827,-0.11013874581790588,False
882,Chile,golf,-0.17183329448368292,-0.1431662685077519,True
883,Chile,athletics,1.1216594017940176,-0.19465432223322351,False
884,Chile,badminton,-0.5616291666556145,0.031104521490666406,False
885,Chile,boxing,0.4859946895175886,-0.017701970006088058,False
886,Chile,cycling,1.1886392168666984,0.054692710622302035,True
887,Chile,swimming,0.5562271895948568,0.2261167218305037,True
888,Chile,shooting,-0.04849628017377081,0.10094933194083999,False
889,Chile,gymnastics,1.0101706350759063,-0.04650366718234707,False
890,Chile,wrestling,0.6399252245333487,-0.060227091297848714,False
891,Chile,skiing,1.3594734476070849,0.0436919222168079,True
892,Chile,bowling,-0.6517249422926183,-0.16124697696822993,True
893,Ecuador,football,0.2338550841718221,-0.029320398757066626,False
894,Ecuador,basketball,0.4876051586382921,0.0300180063717628,True
895,Ecuador,cricket,-0.2577953313895424,-0.18188867575027756,True
896,Ecuador,hockey,-0.5174802293457679,-0.10051258345632716,True
897,Ecuador,tennis,0.03527534570945285,0.061439921815901376,True
898,Ecuador,volleyball,1.5580149436755713,0.2094298820230832,True
899,Ecuador,baseball,0.4863210496747137,-0.03515147296980691,False
900,Ecuador,rugby,-0.09692740640839796,-0.07689630652106091,True
901,Ecuador,golf,-0.5821439790253077,-0.121155238801825,True
902,Ecuador,athletics,0.2024959516653732,-0.1526601188054895,False
903,Ecuador,badminton,-0.19321540185791847,-0.015140216073843181,True
904,Ecuador,boxing,0.7742966011764281,0.03621469622631245,True
905,Ecuador,cycling,0.459485140994375,0.02121108858911784,True
906,Ecuador,swimming,0.104686838572118,0.16229547810524514,True
907,Ecuador,shooting,-0.5296407640514871,0.10371693360268436,False
908,Ecuador,gymnastics,0.4410573305275164,-0.06656682571532775,False
909,Ecuador,wrestling,0.08759638061724451,-0.025267666019091056,False
910,Ecuador,skiing,-0.08743585219712756,-0.02667873077519495,True
911,Ecuador,bowling,-0.835308572179799,-0.15041329745495574,True
912,Bolivia,football,0.7104360674901781,-0.05632983930352884,False
913,Bolivia,basketball,0.4469024541769368,0.03100672028171945,True
914,Bolivia,cricket,-0.02944183178081629,-0.20529477793040515,True
915,Bolivia,hockey,-0.39313365299886976,-0.110913293742319,True
916,Bolivia,tennis,0.004094961612530914,0.09015540705535116,True
917,Bolivia,volleyball,1.4761397636724376,0.2450241441747153,True
918,Bolivia,baseball,0.7151314133143896,-0.05534648989296735,False
919,Bolivia,rugby,0.44069006155827095,-0.11957490739742888,False
920,Bolivia,golf,-0.9680249105044958,-0.13369508940773422,True
921,Bolivia,athletics,0.7797099227597164,-0.16284317965050596,False
922,Bolivia,badminton,-0.7255654253276294,0.0009353478933115893,False
923,Bolivia,boxing,0.0830366364826578,0.023263589689758796,True
924,Bolivia,cycling,0.9290286304181252,0.0346553487901459,True
925,Bolivia,swimming,-0.4005975848214364,0.18334248517823667,False
926,Bolivia,shooting,-0.6691928812218285,0.11106271165437197,False
927,Bolivia,gymnastics,0.452167902100558,-0.041682957976979865,False
928,Bolivia,wrestling,0.19357047895526594,-0.020433540191547948,False
929,Bolivia,skiing,0.8064769315354494,0.0017858496468805536,True
930,Bolivia,bowling,-1.0081592917126916,-0.14654775700955822,True
931,Paraguay,football,1.2420494093879335,-0.05335522354331483,False
932,Paraguay,basketball,0.3953376480166998,0.014252839102632866,True
933,Paraguay,cricket,-0.4430354466420402,-0.18641280438585814,True
934,Paraguay,hockey,-0.9881065182818328,-0.1111247224261457,True
935,Paraguay,tennis,-0.04967459305717521,0.08037629601598319,False
936,Paraguay,volleyball,1.5496087932104812,0.239589660691762,True
937,Paraguay,baseball,0.42613517888377705,-0.053352993814233085,False
938,Paraguay,rugby,1.0306541513429102,-0.07922753002526996,False
939,Paraguay,golf,-0.7133564271461296,-0.1143130748942317,True
940,Paraguay,athletics,0.8256936890330455,-0.16954804331764026,False
941,Paraguay,badminton,-0.9123173358031548,-0.00795453731120422,True
942,Paraguay,boxing,0.4506158904469657,0.010374253327621707,True
943,Paraguay,cycling,0.2848019668390179,0.05120941718147596,True
944,Paraguay,swimming,0.5435937239527215,0.20232991980050494,True
945,Paraguay,shooting,-0.13400518790985885,0.11372176020602652,False
946,Paraguay,gymnastics,0.9515861394875222,-0.059671722397432285,False
947,Paraguay,wrestling,0.6383146269068846,-0.044973159407441496,False
948,Paraguay,skiing,0.0006129571595024885,0.004072698675236319,True
949,Paraguay,bowling,-0.5104639618710521,-0.1443069234617671,True
950,Uruguay,football,0.9960883692538216,-0.03823025127373934,False
951,Uruguay,basketball,0.12164479759965473,0.011523461097411343,True
952,Uruguay,cricket,-0.18061886323607115,-0.1810177198963719,True
953,Uruguay,hockey,-0.71902459694207,-0.094605313371943,True
954,Uruguay,tennis,0.17351247521072488,0.06812321978991437,True
955,Uruguay,volleyball,1.7970550014006936,0.2482561849628839,True
956,Uruguay,baseball,0.3357287646550832,-0.046734555561647816,False
957,Uruguay,rugby,1.0337273112289846,-0.06550689947679257,False
958,Uruguay,golf,-0.4822859672250274,-0.13556435844343065,True
959,Uruguay,athletics,0.985479817966581,-0.11018234769418693,False
960,Uruguay,badminton,-0.7669064783973482,0.007372957287856502,False
961,Uruguay,boxing,0.7015624048250005,0.03823497097584813,True
962,Uruguay,cycling,0.9737706998255916,0.07936146538895986,True
963,Uruguay,swimming,0.4839625087080257,0.190543935736474,True
964,Uruguay,shooting,0.0602528545393725,0.11161405989699916,True
965,Uruguay,gymnastics,1.0337141506850662,-0.038485805912178664,False
966,Uruguay,wrestling,0.7876024008328298,-0.008944644353938382,False
967,Uruguay,skiing,0.2735290147820556,0.02270202126364757,True
968,Uruguay,bowling,0.10605994488500124,-0.14921285987532007,False
969,Australia,football,-0.12726665638749474,0.0897968021139217,False
970,Australia,basketball,0.045618741473936415,0.03177786809641276,True
971,Australia,cricket,1.5648130922611643,0.25324292218097305,True
972,Australia,hockey,-0.3347052585331411,0.14902557406118885,False
973,Australia,tennis,0.8492884417257135,0.052010662371183784,True
974,Australia,volleyball,0.9148621001269572,-0.04169631415848201,False
975,Australia,baseball,0.046071183170589634,0.0823656675812721,True
976,Australia,rugby,1.374841789700428,0.2047611898234105,True
977,Australia,golf,0.5921486508015422,0.1938016772639696,True
978,Australia,athletics,0.961199883839452,0.1906288484698006,True
979,Australia,badminton,1.333884347276741,0.09373699583745898,True
980,Australia,boxing,0.8726482643224897,0.03114282804115365,True
981,Australia,cycling,1.3799024701458793,0.16913749274404286,True
982,Australia,swimming,0.9797259612626436,-0.16183604817407402,False
983,Australia,shooting,0.32621479576338425,-0.08709238339898455,False
984,Australia,gymnastics,0.7214475822250709,0.09167046104115223,True
985,Australia,wrestling,0.727091550385381,0.23570687939342824,True
986,Australia,skiing,0.4076833621100106,0.06001806291959012,True
987,Australia,bowling,1.0615329651617669,0.2271080156609671,True
988,Papua New Guinea,football,0.2901269101333088,0.07891081026447028,True
989,Papua New Guinea,basketball,0.6255434411771215,0.013145793933676065,True
990,Papua New Guinea,cricket,1.660467597629789,0.167363930914844,True
991,Papua New Guinea,hockey,-0.2250994015827481,0.06280703982308489,False
992,Papua New Guinea,tennis,0.0874419687896186,-0.040050633639488534,False
993,Papua New Guinea,volleyball,1.9675711718814832,-0.1308692495697789,False
994,Papua New Guinea,baseball,0.2362525387267375,0.07557070752182746,True
995,Papua New Guinea,rugby,1.6828722279895465,0.14131957303599504,True
996,Papua New Guinea,golf,0.12840927667437754,0.1289913915390556,True
997,Papua New Guinea,athletics,0.992834860518158,0.08778601734069602,True
998,Papua New Guinea,badminton,1.560292009025272,-0.024412256443368426,False
999,Papua New Guinea,boxing,1.215220568771388,0.07730725252955882,True
1000,Papua New Guinea,cycling,1.0742180057873747,0.09833898726204726,True
1001,Papua New Guinea,swimming,0.8927300366712063,-0.08079273968645279,False
1002,Papua New Guinea,shooting,0.3899556362743008,0.0187338890315553,True
1003,Papua New Guinea,gymnastics,0.23986592567398046,-0.011017106434406902,False
1004,Papua New Guinea,wrestling,0.7569781696704836,0.1669373437249848,True
1005,Papua New Guinea,skiing,-0.32920105954754697,0.02478284549516799,False
1006,Papua New Guinea,bowling,0.6143785605737833,0.1682268034681933,True
1007,New Zealand,football,-0.25647769330274484,0.1396201982797122,False
1008,New Zealand,basketball,-0.4838017949609587,0.056083457091018016,False
1009,New Zealand,cricket,1.2212826794180511,0.2762215819612988,True
1010,New Zealand,hockey,0.48992880431709,0.19271283216076326,True
1011,New Zealand,tennis,0.20327102062482014,0.05864072080915068,True
1012,New Zealand,volleyball,0.2759540000451764,-0.1009385490875863,False
1013,New Zealand,baseball,-0.5525256104266647,0.11655736933056562,False
1014,New Zealand,rugby,2.5221184594096733,0.2762507782070683,True
1015,New Zealand,golf,0.17901420167167278,0.2552715368961101,True
1016,New Zealand,athletics,0.4972811705344161,0.16761478777332406,True
1017,New Zealand,badminton,0.6194651031510935,0.07791797056107849,True
1018,New Zealand,boxing,0.2977757821337105,0.04907939854163778,True
1019,New Zealand,cycling,1.5565441242213554,0.19069060494592746,True
1020,New Zealand,swimming,0.5786126529519836,-0.19543819093110568,False
1021,New Zealand,shooting,-0.4716915734508658,-0.11508817113599372,True
1022,New Zealand,gymnastics,0.44896749002749303,0.04956714319870415,True
1023,New Zealand,wrestling,0.40909667118818505,0.2378328474227802,True
1024,New Zealand,skiing,0.9213177110760492,0.09594030320931547,True
1025,New Zealand,bowling,0.8919860156682241,0.2598605371259391,True
1026,Fiji,football,0.5155394477859007,0.07947317916484183,True
1027,Fiji,basketball,0.6502974797180763,0.08253380159383172,True
1028,Fiji,cricket,1.4169045039422403,0.14313300226474254,True
1029,Fiji,hockey,-0.40354881548,0.06576602906533835,False
1030,Fiji,tennis,0.7689435632942578,0.03385002685981699,True
1031,Fiji,volleyball,2.069681174165276,-0.004301432748053692,False
1032,Fiji,baseball,-0.6935652343370724,0.05090797034518557,False
1033,Fiji,rugby,2.206307296560801,0.15060608842800974,True
1034,Fiji,golf,0.2963857914564962,0.07312640983062177,True
1035,Fiji,athletics,0.5103543905330878,0.04839687539877235,True
1036,Fiji,badminton,1.405561460674084,0.05228118187412745,True
1037,Fiji,boxing,1.4291988912807234,0.07555478227748298,True
1038,Fiji,cycling,0.22411885317081728,0.10394115924593587,True
1039,Fiji,swimming,1.6662210978963945,-0.05741967507393313,False
1040,Fiji,shooting,0.6505113912533166,0.034587781869459065,True
1041,Fiji,gymnastics,0.27124520218697123,-0.002165464101907487,False
1042,Fiji,wrestling,0.995765333932485,0.1867248879237108,True
1043,Fiji,skiing,-0.01752589742575708,0.008336318247155737,False
1044,Fiji,bowling,0.06556757958470752,0.1421234350074571,True
1045,Solomon Islands,football,0.047211231927376064,0.02119145243833799,True
1046,Solomon Islands,basketball,0.7033304595562905,0.010648475050464377,True
1047,Solomon Islands,cricket,1.5166480683785903,0.0906056363827077,True
1048,Solomon Islands,hockey,-0.3810355348896469,0.04294122307114042,False
1049,Solomon Islands,tennis,0.4889361701635752,0.021657228896693963,True
1050,Solomon Islands,volleyball,2.2589168701864457,0.041076233036777376,True
1051,Solomon Islands,baseball,-0.14524417325952255,0.0105486751375263,False
1052,Solomon Islands,rugby,2.0227189967040458,0.08872994496122852,True
1053,Solomon Islands,golf,-0.08622812811988913,0.0380190647818645,False
1054,Solomon Islands,athletics,1.1530545151617293,0.10984563970662743,True
1055,Solomon Islands,badminton,1.6761084436859268,0.01890465274711053,True
1056,Solomon Islands,boxing,1.1019643913370245,0.04810142035569633,True
1057,Solomon Islands,cycling,0.4424041699895426,0.1477728473632993,True
1058,Solomon Islands,swimming,1.1910763097674026,-0.04444451996481153,False
1059,Solomon Islands,shooting,0.1939598833021502,-0.01150423612672919,False
1060,Solomon Islands,gymnastics,0.681494637330792,0.09555557783507254,True
1061,Solomon Islands,wrestling,1.4028452486658725,0.21539332763993965,True
1062,Solomon Islands,skiing,-0.7039843947599991,0.06384069890682953,False
1063,Solomon Islands,bowling,0.2476430179407456,0.14208677781615342,True
1064,Vanuatu,football,0.3380084171943,0.05692999586589743,True
1065,Vanuatu,basketball,0.4867618656872829,0.06485503600668481,True
1066,Vanuatu,cricket,1.0296508109951177,0.10985607005996248,True
1067,Vanuatu,hockey,0.05286227929337245,0.07933479483383127,True
1068,Vanuatu,tennis,0.3624255450678226,0.08008050291424385,True
1069,Vanuatu,volleyball,1.9354087639622453,-0.0007081056943784548,False
1070,Vanuatu,baseball,-0.478491257348784,0.03693430780317209,False
1071,Vanuatu,rugby,1.5322247018432869,0.15566953194812885,True
1072,Vanuatu,golf,-0.07161741940485038,0.0941331476005418,False
1073,Vanuatu,athletics,0.6595172376977266,0.012656045013585191,True
1074,Vanuatu,badminton,0.9423945833007172,0.05727740127688126,True
1075,Vanuatu,boxing,1.0694770919122842,0.01402210994835648,True
1076,Vanuatu,cycling,0.8151214319185499,0.14717849369328045,True
1077,Vanuatu,swimming,1.4431732916961113,-0.035401106437356535,False
1078,Vanuatu,shooting,0.13330262484020788,-0.01914901612527511,False
1079,Vanuatu,gymnastics,0.21067393993853706,-0.01644682498041601,False
1080,Vanuatu,wrestling,0.8737336634728261,0.09624980027530894,True
1081,Vanuatu,skiing,-0.1239237213032888,0.025528398761842475,False
1082,Vanuatu,bowling,0.3066630180269337,0.1290243954723561,True
1083,Samoa,football,1.045443571143962,0.08673604306339762,True
1084,Samoa,basketball,0.9067220949240132,0.030882535342049162,True
1085,Samoa,cricket,-0.29244568855423936,0.04317375948797739,False
1086,Samoa,hockey,-0.959813909130158,-0.03023946916185393,True
1087,Samoa,tennis,0.3412414717706421,-0.02432696155666596,False
1088,Samoa,volleyball,2.6172924993522155,-0.09465527378612333,False
1089,Samoa,baseball,-0.5901308559852565,0.05064221603672537,False
1090,Samoa,rugby,2.2619013602306604,0.09643277058382783,True
1091,Samoa,golf,-0.5734297687738398,0.08853443255609958,False
1092,Samoa,athletics,1.1588425523205663,0.010782557249780968,True
1093,Samoa,badminton,0.405534923819816,-0.06160035721975365,False
1094,Samoa,boxing,1.1973746597226549,0.06383726358968529,True
1095,Samoa,cycling,-0.25150754511567963,0.069044530881896,False
1096,Samoa,swimming,1.8598500151463688,-0.012741276988151437,False
1097,Samoa,shooting,-0.2219381097715176,0.03781862317315253,False
1098,Samoa,gymnastics,0.8884183897606436,-0.04430965894837164,False
1099,Samoa,wrestling,1.5480416040178877,0.11402513134363823,True
1100,Samoa,skiing,-0.3547281911182646,-0.0028542003029037397,True
1101,Samoa,bowling,-0.6011096446118593,0.04364169503041709,False
1102,Kiribati,football,0.5092757319939762,-0.03082001249635395,False
1103,Kiribati,basketball,0.5885640327848467,0.01161629561358973,True
1104,Kiribati,cricket,1.7298804935228518,0.0681648494571751,True
1105,Kiribati,hockey,0.3777019050040612,-0.01314763291664044,False
1106,Kiribati,tennis,0.5857942469416448,0.08884125605532432,True
1107,Kiribati,volleyball,1.9168262667306408,0.018770496165300056,True
1108,Kiribati,baseball,0.28419044743023403,-0.02717087501606561,False
1109,Kiribati,rugby,1.9856070015805969,0.02465791507085884,True
1110,Kiribati,golf,0.27794820987665697,0.032964808738346486,True
1111,Kiribati,athletics,0.9699613637948048,-0.12517381796260238,False
1112,Kiribati,badminton,0.9773652573254032,0.01224748616507712,True
1113,Kiribati,boxing,1.159899331653321,-0.12290186137337895,False
1114,Kiribati,cycling,0.4277704103312111,-0.011909499264733092,False
1115,Kiribati,swimming,1.7212336770174208,0.0313826173651016,True
1116,Kiribati,shooting,-0.08017027010257925,-0.036858257514595295,True
1117,Kiribati,gymnastics,0.220059755925262,-0.06480577145372468,False
1118,Kiribati,wrestling,1.5943337293635809,-0.051408354429054094,False
1119,Kiribati,skiing,-0.08611178978404498,-0.04156078207528361,True
1120,Kiribati,bowling,0.6671022501786751,0.006873058995085,True
1121,Micronesia,football,0.13633533649961427,0.05939020734930179,True
1122,Micronesia,basketball,0.5402080440105568,0.07576426439397231,True
1123,Micronesia,cricket,0.4226303033448184,0.048538502270701146,True
1124,Micronesia,hockey,-0.03271159679161637,0.045208450934637184,False
1125,Micronesia,tennis,0.4916212083291975,0.08605251056618801,True
1126,Micronesia,volleyball,2.022848184321109,0.1375487797030438,True
1127,Micronesia,baseball,0.558082658833276,0.051326523811634536,True
1128,Micronesia,rugby,0.8414285150311492,0.07666368784815003,True
1129,Micronesia,golf,0.24038139257399385,0.05429941208384378,True
1130,Micronesia,athletics,0.8678837394933321,0.019428740894926848,True
1131,Micronesia,badminton,1.2549694247378873,0.06246184370156072,True
1132,Micronesia,boxing,0.6137518786579007,0.07614168781189512,True
1133,Micronesia,cycling,0.4191477129114131,0.11712830913149212,True
1134,Micronesia,swimming,1.7450589028696166,0.1086554818610624,True
1135,Micronesia,shooting,-0.04552347491511366,0.0954624218869432,False
1136,Micronesia,gymnastics,0.560131505360048,0.06498721367202817,True
1137,Micronesia,wrestling,0.9021653346512528,0.1122726259464856,True
1138,Micronesia,skiing,-0.45446144309148995,0.09723526584128184,False
1139,Micronesia,bowling,0.004436069720404804,0.0666002917754408,True
1140,Tonga,football,0.5548514564850785,0.1182404891347568,True
1141,Tonga,basketball,0.5822692702984598,0.08264717584856546,True
1142,Tonga,cricket,0.9180334692864234,0.18110031273663052,True
1143,Tonga,hockey,-0.12238211422364373,0.08919372676767955,False
1144,Tonga,tennis,0.6430361116566512,-0.032816168459665736,False
1145,Tonga,volleyball,1.6793045838329643,-0.12390080559599735,False
1146,Tonga,baseball,-0.8478847186117651,0.08147109211671777,False
1147,Tonga,rugby,2.8733894449451567,0.1980609144136391,True
1148,Tonga,golf,0.10084916234932664,0.1053699572870221,True
1149,Tonga,athletics,0.5756146463377345,0.13280518574131334,True
1150,Tonga,badminton,1.3147279251106507,0.019278093959732744,True
1151,Tonga,boxing,1.5064964031044432,0.12196669405116325,True
1152,Tonga,cycling,-0.059116972419871024,0.1061985229297519,False
1153,Tonga,swimming,1.6376136259235377,-0.08374321953478345,False
1154,Tonga,shooting,-0.0730287324086032,0.03583498892687182,False
1155,Tonga,gymnastics,1.0544160229029838,0.05917950190194469,True
1156,Tonga,wrestling,1.3888561620183373,0.2198684579651073,True
1157,Tonga,skiing,-0.24722549580185355,0.017780891840480775,False
1158,Tonga,bowling,-0.04306318953765631,0.16983844767315318,False
