sport,country,direct_correlation,indirect_correlation,same_correlation
football,Nigeria,1.2776938436225618,-0.06816790687435986,False
football,Ethiopia,-0.6917770614869627,-0.1390172325571969,True
football,Egypt,-0.9424273948393043,0.08789314149685175,False
football,Congo,0.09451014427268446,-0.0457056141299862,False
football,Tanzania,0.2565365231249685,-0.022703090105387954,False
football,Kenya,0.15847066428310624,0.1283263409702803,True
football,Uganda,0.7936729073669981,-0.0058026408429911495,False
football,Sudan,-0.14522582310875107,0.04954457055105714,False
football,Algeria,0.22184349402548936,-0.31897128662277874,False
football,China,-1.3148973042057217,0.11808678622961238,False
football,India,-0.5454058441176401,-0.008513303998436793,True
football,Indonesia,-0.39732868396376764,-0.13635369894342392,True
football,Pakistan,0.2605840159555243,0.02080741466688284,True
football,Bangladesh,0.6335994681675218,-0.11781054999130065,False
football,Japan,-0.8294894899517541,0.01597460792704005,False
football,Philippines,0.06952049080759348,-0.21059476925581605,False
football,Vietnam,0.1441540223531587,0.0513697592924173,True
football,Iran,-0.6852431790261839,-0.0614638113436749,True
football,Turkey,0.10917957264087796,-0.06989137635001877,False
football,Russia,-1.2704975903730134,-0.03554051660596236,True
football,Germany,0.4529061534293728,-0.006488103150835196,False
football,France,-0.08830267646606943,-0.18768717807612514,True
football,Italy,0.05291893529994235,-0.22005210387080767,False
football,Spain,0.6094489686997695,-0.13990974394288205,False
football,Ukraine,-0.002875402408050157,-0.07954646295743713,True
football,Poland,0.045234760283100035,-0.005681307748375833,False
football,Romania,0.1803669627950331,-0.19908222389238883,False
football,Netherlands,0.2343058922876877,-0.132702290124972,False
football,Austria,-0.35773949685270157,-0.17470809498040168,True
football,Mexico,0.09352120603415952,-0.11760762999372909,False
football,Canada,-0.2907556677258953,0.10354071106855671,False
football,Guatemala,0.06742771287853015,-0.20984263713455842,False
football,Haiti,-0.7146527608752656,-0.12567229017076223,True
football,Cuba,-0.1991016568974285,-0.042055752204625645,True
football,Honduras,1.1167674938024106,-0.0632864174815685,False
football,Nicaragua,-0.2712724170845989,-0.20716782344394752,True
football,Brazil,1.0263557661205633,-0.15696397025078862,False
football,Columbia,0.2325142739900717,0.09615044826175564,True
football,Argentina,0.7220215653610056,-0.13951059219544903,False
football,Peru,-0.19117567092802015,-0.1916269870489666,True
football,Venezuela,0.03799638980239181,-0.2333000448416926,False
football,Chile,0.2448131552767293,-0.18938673325954083,False
football,Ecuador,0.017036387820981807,-0.24167444115935635,False
football,Bolivia,0.568439171761009,-0.19038175377233404,False
football,Paraguay,0.7290104716758578,-0.19350103490367362,False
football,Uruguay,1.020260365698246,-0.1744063411355959,False
football,Australia,0.48843743764131614,0.03171543465899713,True
football,Fiji,0.437185615817912,-0.10094063726677056,False
football,Samoa,0.7721921716901038,-0.09780409189760757,False
football,Tonga,0.15463993825931668,-0.08945817722116764,False
basketball,Nigeria,0.7928691895918708,-0.07003258783551226,False
basketball,Ethiopia,-0.5615383125379912,-0.15241000811331387,True
basketball,Egypt,-0.7204490117082593,0.0505641502651074,False
basketball,Congo,0.06313924409265687,-0.10998197788353575,False
basketball,Tanzania,0.19593479853233894,-0.03832223409189785,False
basketball,Kenya,0.6924533282249508,0.12488217475286582,True
basketball,Uganda,0.9791455365523984,-0.039045337147311815,False
basketball,Sudan,-0.32925201956880173,0.027251687667952055,False
basketball,Algeria,-0.41755461556202583,-0.3516950355893258,True
basketball,China,-0.2837619408047057,0.09844576445733387,False
basketball,India,-0.37025395316856574,-0.03138622029690247,True
basketball,Indonesia,0.22834599008145026,-0.1667473576860342,False
basketball,Pakistan,-0.5619984837762372,-0.020397165204642236,True
basketball,Bangladesh,0.12616765248317685,-0.13021207252610392,False
basketball,Japan,-0.3977420663189465,-0.03739132727686297,True
basketball,Philippines,0.997421220363853,-0.245628592267391,False
basketball,Vietnam,0.05581311055398734,-0.002281903909623782,False
basketball,Iran,-0.7444324789296145,-0.09275815618248408,True
basketball,Turkey,-0.1612916324000398,-0.11143752457162145,True
basketball,Russia,-1.1995742599283508,-0.09084625449308316,True
basketball,Germany,-0.30027317286848215,-0.11894600633398049,True
basketball,France,-1.0861269436073095,-0.2673916964950905,True
basketball,Italy,-0.31843364566553567,-0.3342294561639318,True
basketball,Spain,-0.1974051848172155,-0.24095946225882822,True
basketball,Ukraine,-0.20645502691129708,-0.12915724845918142,True
basketball,Poland,-0.3278001744659482,-0.11445181685369274,True
basketball,Romania,0.19487970638885804,-0.28138094919590956,False
basketball,Netherlands,-0.39458280273669455,-0.19542679940972185,True
basketball,Austria,-0.8503151375776711,-0.279954769417468,True
basketball,Mexico,0.34233622490224946,-0.19439976951823243,False
basketball,Canada,0.019215389881364692,0.04745135965679349,True
basketball,Guatemala,0.6219643055061554,-0.26589942995139876,False
basketball,Haiti,0.4253202675995012,-0.16023637745787342,False
basketball,Cuba,0.006307955899124437,-0.1384191029813,False
basketball,Honduras,1.3717921497714318,-0.12629937217023432,False
basketball,Nicaragua,-0.021892678808197986,-0.2466977602774822,True
basketball,Brazil,0.9218453565709239,-0.2245730769345111,False
basketball,Columbia,1.1692937290931538,0.0784702279765142,True
basketball,Argentina,0.573241774698676,-0.2298369795166518,False
basketball,Peru,0.19858301531301456,-0.23452441132766932,False
basketball,Venezuela,0.35487942538899814,-0.2694057568716312,False
basketball,Chile,-0.258977605747797,-0.23056465320171618,True
basketball,Ecuador,0.04482121078455312,-0.27770876683970647,False
basketball,Bolivia,-0.1758579939631056,-0.24912426593656026,True
basketball,Paraguay,-0.2307611486536327,-0.2553852330807621,True
basketball,Uruguay,-0.1270325200570277,-0.24114010090013155,True
basketball,Australia,-0.14396520851384192,-0.006668855682965788,True
basketball,Fiji,-0.08828585225166154,-0.08935231666889212,True
basketball,Samoa,0.18736328000471875,-0.13240909347000598,False
basketball,Tonga,-0.013516134087771577,-0.06521757302406,True
cricket,Nigeria,0.3804486665066311,-0.049866580274434906,False
cricket,Ethiopia,-1.129162407145007,-0.09015151165112163,True
cricket,Egypt,-1.4726156051545058,0.10239137129604067,False
cricket,Congo,-0.716058498074884,-0.032859633895558134,True
cricket,Tanzania,0.4829398855182637,-0.034830195852963965,False
cricket,Kenya,0.9531576287544651,0.14784527546888027,True
cricket,Uganda,0.45561897899206977,-0.008136167428430166,False
cricket,Sudan,-0.6087187119912181,0.038513018823739996,False
cricket,Algeria,-0.4779301977625088,-0.260981314379862,True
cricket,China,-1.5321829290287572,0.13197409409585542,False
cricket,India,1.2688399197527014,0.04462253460239879,True
cricket,Indonesia,-0.3057648425220912,-0.07148100385265092,True
cricket,Pakistan,1.7058311710738265,0.05439685586581437,True
cricket,Bangladesh,2.1684751454736575,-0.05245052142970593,False
cricket,Japan,-1.4167439384549834,0.08327730980449984,False
cricket,Philippines,-0.2744811966369457,-0.1749161834116648,True
cricket,Vietnam,-1.0037304898626203,0.07053562164852979,False
cricket,Iran,-1.1109872307394815,-0.011649514431847398,True
cricket,Turkey,-1.3588526909081744,-0.07592685287858388,True
cricket,Russia,-2.5330321062342587,-0.026878114688203513,True
cricket,Germany,-1.4258552113939824,0.011880310983472779,False
cricket,France,-1.3508639120264379,-0.12701931014691825,True
cricket,Italy,-1.9538379762955864,-0.20370535368758919,True
cricket,Spain,-1.3911132884900133,-0.1552543039760817,True
cricket,Ukraine,-2.3675072562198376,-0.08049390503014715,True
cricket,Poland,-2.1340044476203097,-0.02692236562480365,True
cricket,Romania,-2.183750591634523,-0.16580700256419692,True
cricket,Netherlands,-0.5501990172784778,-0.07791469499766328,True
cricket,Austria,-1.9333038107729357,-0.1206432368740487,True
cricket,Mexico,-1.7002090585026004,-0.11177851146313385,True
cricket,Canada,-0.3021973057546852,0.14505279698904366,False
cricket,Guatemala,-1.516821929736921,-0.19603036365522497,True
cricket,Haiti,-1.4577713050324568,-0.08479417219957881,True
cricket,Cuba,-1.4946297296616726,-0.05762586443240523,True
cricket,Honduras,-1.4495290921140247,-0.09606100751307002,True
cricket,Nicaragua,-1.6301285936618966,-0.21261680208708614,True
cricket,Brazil,-1.068272621256556,-0.15434819583060835,True
cricket,Columbia,-0.570839432589054,0.10784558469602508,False
cricket,Argentina,-1.1973000393500564,-0.13232410849305898,True
cricket,Peru,-1.3307635990075741,-0.17497365465796108,True
cricket,Venezuela,-1.5598200394320219,-0.23397385443395544,True
cricket,Chile,-1.509410928817659,-0.20167710271579203,True
cricket,Ecuador,-1.1575373680283807,-0.23405844264471434,True
cricket,Bolivia,-0.8704164148428973,-0.17126532291424423,True
cricket,Paraguay,-1.2168141217798738,-0.20193981904065447,True
cricket,Uruguay,-0.6377067879962903,-0.1802069528881737,True
cricket,Australia,1.2765048934830578,0.11629412808366865,True
cricket,Fiji,0.7620586768795574,-0.05945386905552345,False
cricket,Samoa,-0.32139821786974204,-0.077880489801056,True
cricket,Tonga,0.09828205111426999,-0.07715834877633375,False
hockey,Nigeria,-0.11346813985399076,-0.06951892104496725,True
hockey,Ethiopia,-1.4930380627299178,-0.17744220945491174,True
hockey,Egypt,-2.727510628283056,-0.013529509212875414,True
hockey,Congo,-0.3028819358005374,-0.12624525328816655,True
hockey,Tanzania,-1.1160269856233769,-0.08562828403713281,True
hockey,Kenya,-0.38310247066762015,0.13224686617058282,False
hockey,Uganda,0.13558406240515047,-0.04924938337826275,False
hockey,Sudan,-1.5270959106602406,-0.026134687462637998,True
hockey,Algeria,-1.4359547646048905,-0.3613858204405388,True
hockey,China,-1.0636042418156626,0.06269798692765607,False
hockey,India,-1.2704404576252741,-0.07042207288070114,True
hockey,Indonesia,-1.2341865659369504,-0.1703374344182823,True
hockey,Pakistan,-1.6049221939019778,-0.03403257284273728,True
hockey,Bangladesh,-0.5252609090275332,-0.11049807507893758,True
hockey,Japan,-0.07765476747632032,0.01879673525033392,False
hockey,Philippines,-0.2731043477805291,-0.24321090126344924,True
hockey,Vietnam,-0.33665501720746793,0.056323582472352286,False
hockey,Iran,-1.4730949655590877,-0.12185111261066142,True
hockey,Turkey,-1.4243811756875309,-0.12620193293861648,True
hockey,Russia,0.07964841104219463,-0.06326414842550313,False
hockey,Germany,0.3271215257063463,-0.0031441328511006214,False
hockey,France,-0.8783072984864833,-0.19895900732088576,True
hockey,Italy,-0.5557213994139012,-0.27477111034866547,True
hockey,Spain,-1.175675681670804,-0.2593784649513599,True
hockey,Ukraine,0.5621224560761945,-0.08027100466102403,False
hockey,Poland,0.2931247465392819,-0.0045747158369691425,False
hockey,Romania,-0.6527033521400969,-0.19526791632488683,True
hockey,Netherlands,-0.04294135903438314,-0.10104623660892974,True
hockey,Austria,0.3015645373656196,-0.1527385154188264,False
hockey,Mexico,-0.5207994389698933,-0.22447463997428374,True
hockey,Canada,2.3255330784380073,0.1562060084741303,True
hockey,Guatemala,-0.37866088644345275,-0.2783922611188866,True
hockey,Haiti,-0.4621044186365313,-0.17561613571317394,True
hockey,Cuba,-0.30264986078603306,-0.15742754450257007,True
hockey,Honduras,0.24866863735352565,-0.13809561486936425,False
hockey,Nicaragua,-0.49215174961003494,-0.2663000492069209,True
hockey,Brazil,0.046821689012554984,-0.24761439479651237,False
hockey,Columbia,0.9350007382780825,0.12179443129240983,True
hockey,Argentina,-0.03870832641693362,-0.21287799776015412,True
hockey,Peru,-0.5182186517443437,-0.25630180950068226,True
hockey,Venezuela,-0.5426050747411771,-0.32787927410740403,True
hockey,Chile,-0.7739768777837904,-0.23374239762345073,True
hockey,Ecuador,-0.1892302533811499,-0.2807847079401619,True
hockey,Bolivia,-0.28966634163185867,-0.2705788102844697,True
hockey,Paraguay,-0.3411184950287718,-0.2584445478663283,True
hockey,Uruguay,-0.05086332857984332,-0.20911042652186265,True
hockey,Australia,0.09382875637662938,0.07480848718834741,True
hockey,Fiji,-0.5584159873644985,-0.08393912561450738,True
hockey,Samoa,-0.26353888944621057,-0.06918400095855477,True
hockey,Tonga,-0.15340150359880472,-0.04469196965344447,True
tennis,Nigeria,-0.009627354679664423,-0.10638640551019914,True
tennis,Ethiopia,-1.0230117421944533,-0.04132763810872604,True
tennis,Egypt,-1.336382452588768,0.08984777687413326,False
tennis,Congo,-1.317736090459714,0.006649360175623082,False
tennis,Tanzania,-0.1390943138517727,-0.039243474693436725,True
tennis,Kenya,0.2794328937808182,0.08119021510035798,True
tennis,Uganda,0.31508870283035284,-0.05784856414256991,False
tennis,Sudan,-0.7077254802042385,-0.046278871799538435,True
tennis,Algeria,-0.22123334560542277,-0.20374875608288684,True
tennis,China,-0.7735899267309859,0.07632589595144476,False
tennis,India,-0.8400761315903894,0.06501722826464208,False
tennis,Indonesia,0.3911495160829885,0.00822883444112266,True
tennis,Pakistan,-0.522996611536059,0.015395538379432161,False
tennis,Bangladesh,-0.027064630159969676,-0.09690540097643888,True
tennis,Japan,-0.13880173718711547,0.17807792003986184,False
tennis,Philippines,0.3663667323627712,-0.022355006946028478,False
tennis,Vietnam,-0.4139257776269546,0.10264238227711384,False
tennis,Iran,-1.1000904636716917,0.010478869701698937,False
tennis,Turkey,-0.18978408719032808,-0.03536418339817293,True
tennis,Russia,-0.5784783815911461,0.08650346490008863,False
tennis,Germany,0.6990702781324244,0.16657694707207715,True
tennis,France,0.41690519693897815,0.052027478015938336,True
tennis,Italy,0.635137527163118,0.05227882046239724,True
tennis,Spain,1.132511738174003,0.05639725517796612,True
tennis,Ukraine,-0.3107122647905667,0.051482276185086454,False
tennis,Poland,0.11207828512905839,0.15199266503212053,True
tennis,Romania,0.2700633837155163,0.06176198959404919,True
tennis,Netherlands,0.5372789931293992,0.06630381710871623,True
tennis,Austria,0.6769598835051844,0.08773431848683805,True
tennis,Mexico,-0.4325164204290384,0.03778170859153062,False
tennis,Canada,-0.5389514697426219,0.13707339986100855,False
tennis,Guatemala,-0.002822412607442979,-0.003582674707598605,True
tennis,Haiti,-0.46109561888299794,0.06691278906380084,False
tennis,Cuba,0.04530706403011683,0.07947241713693645,True
tennis,Honduras,0.1255284409793133,0.024705927152289732,True
tennis,Nicaragua,0.04350667246171612,-0.05401683578941164,False
tennis,Brazil,0.5748863281983208,0.030502398564141678,True
tennis,Columbia,0.2990164857422399,0.044601824083642674,True
tennis,Argentina,0.6806320560740208,0.049176082308228626,True
tennis,Peru,-0.6990108898566169,0.0010638916532683042,False
tennis,Venezuela,-0.39572007223831707,-0.09883324842726636,True
tennis,Chile,0.3127281483213338,-0.04889951201276623,False
tennis,Ecuador,0.1585671258844482,-0.06976418482406312,False
tennis,Bolivia,-0.6856975483908606,-0.0025510122201740752,True
tennis,Paraguay,0.36863582677890827,-0.021869986911868117,False
tennis,Uruguay,0.7759947222256872,-0.021293599537724667,False
tennis,Australia,0.6470232470906168,0.09140110808254502,True
tennis,Fiji,0.4407139899406734,-0.023684539494001497,False
tennis,Samoa,0.1375697540119666,0.027688774765534007,True
tennis,Tonga,0.18858254976794292,-0.1310437324714377,False
volleyball,Nigeria,0.5654211740202844,-0.09577357403663161,False
volleyball,Ethiopia,-0.2655053562477842,-0.008461404197969726,True
volleyball,Egypt,-1.110119731053625,0.1769027557551241,False
volleyball,Congo,-0.2643298433448235,-0.003920042238305627,True
volleyball,Tanzania,0.31491110846035,-0.06334619676622852,False
volleyball,Kenya,0.025903989898521607,0.058068669692120774,True
volleyball,Uganda,0.8483106572855333,-0.047544050057409644,False
volleyball,Sudan,-0.5272207201145127,0.014192288531399108,False
volleyball,Algeria,0.12587107063775346,-0.23519693805965433,False
volleyball,China,-0.5767929098139694,0.1413072763949331,False
volleyball,India,-1.080522112465441,0.05055793341010066,False
volleyball,Indonesia,0.7832903487290108,-0.04586757179442545,False
volleyball,Pakistan,-0.4628033494643037,0.0034441197715285943,False
volleyball,Bangladesh,-0.06621159282980131,-0.16998017472376623,True
volleyball,Japan,-0.10009813168993172,0.13105384639955214,False
volleyball,Philippines,1.7505994181783437,-0.09811353239642964,False
volleyball,Vietnam,0.5069015927325811,0.05459762356219784,True
volleyball,Iran,-0.5621930244186487,0.061163989182999694,False
volleyball,Turkey,0.17437113642107682,0.011475193592970237,True
volleyball,Russia,-1.0517019828653225,0.10246452992238755,False
volleyball,Germany,0.1371670330282057,0.04918033723146189,True
volleyball,France,-0.5297234234257455,-0.06319336890436471,True
volleyball,Italy,0.2353838329543007,-0.044474200101952896,False
volleyball,Spain,0.8287227105498,0.03962148777004012,True
volleyball,Ukraine,0.4286483931242527,0.048530636142902914,True
volleyball,Poland,0.2643639057825014,0.09028102420731568,True
volleyball,Romania,0.9755128171156492,-0.02548963012626386,False
volleyball,Netherlands,0.7626168747038415,-0.08230610577619019,False
volleyball,Austria,-0.15708874132750208,-0.06958067954443349,True
volleyball,Mexico,0.6260358738596483,0.04254591013743902,True
volleyball,Canada,-0.4861125534740174,0.005183361049289875,False
volleyball,Guatemala,0.932330582304276,-0.043937440283629545,False
volleyball,Haiti,0.4270127003661553,0.02928194424469205,True
volleyball,Cuba,0.7727092359500608,0.08353099345986602,True
volleyball,Honduras,1.5887351190430303,0.03266738498270138,True
volleyball,Nicaragua,1.0367712775086972,-0.08646322085037643,False
volleyball,Brazil,1.522135069515394,0.0072457603018817,True
volleyball,Columbia,0.5024588396719861,-0.02259336625229497,False
volleyball,Argentina,1.189018035298638,0.019041606293267094,True
volleyball,Peru,0.8615272993955378,0.004555329609701732,True
volleyball,Venezuela,0.8454963916814395,-0.08011019496082149,False
volleyball,Chile,1.2473346070374633,-0.0553592249130089,False
volleyball,Ecuador,0.8990004012015279,-0.08607523947757297,False
volleyball,Bolivia,0.7685786712718252,-0.003350683249691257,False
volleyball,Paraguay,0.6521127460745147,-0.057549084753705876,False
volleyball,Uruguay,1.3608222105668188,-0.07330203271675502,False
volleyball,Australia,0.04159779746642329,-0.060249257458644075,False
volleyball,Fiji,0.44081897087536276,-0.06714092273613881,False
volleyball,Samoa,0.8450090560101188,-0.0383347743447925,False
volleyball,Tonga,0.31554654237980084,-0.1379296170904089,False
table tennis,Nigeria,0.009065995802469832,-0.09953867792595071,False
table tennis,Ethiopia,-0.9979985896167664,-0.03305146444367647,True
table tennis,Egypt,-1.3231191926566628,0.10052813191479275,False
table tennis,Congo,-1.4856406441976775,-0.04272761295540852,True
table tennis,Tanzania,-0.21507841071289413,-0.07998385481802496,True
table tennis,Kenya,-0.3413950650639756,0.05126641785414638,False
table tennis,Uganda,0.09389635727638429,-0.06776339022648663,False
table tennis,Sudan,-0.9464440609933692,-0.024488430500285357,True
table tennis,Algeria,-0.2575665417498336,-0.20167332900781515,True
table tennis,China,-0.41715318054099304,0.0342327158444216,False
table tennis,India,-0.5253879604687057,0.022722308826661337,False
table tennis,Indonesia,0.20785992556672087,-0.056339134076739995,False
table tennis,Pakistan,-0.4486132369099347,-0.007300477293899642,True
table tennis,Bangladesh,0.07071930045633062,-0.13193768214885493,False
table tennis,Japan,0.010346211622173312,0.10416374899119782,True
table tennis,Philippines,0.674718351555403,-0.10734702875577277,False
table tennis,Vietnam,0.1165370367689101,0.0577255681674093,True
table tennis,Iran,-1.191781816379099,0.027955805872729948,False
table tennis,Turkey,-0.3341843543587659,-0.02245917394980038,True
table tennis,Russia,-0.7672921903507115,0.0898200556478274,False
table tennis,Germany,0.4812913954800916,0.1362983633205691,True
table tennis,France,-0.03228628514180283,-0.008807586717715735,True
table tennis,Italy,-0.00727796538551994,-0.03232685482999146,True
table tennis,Spain,0.14978747490725527,0.003779452615048584,True
table tennis,Ukraine,-0.2034276711554241,0.043685951669623566,False
table tennis,Poland,0.23951468769648124,0.11133888622688735,True
table tennis,Romania,0.21323306399463332,0.00816246374694232,True
table tennis,Netherlands,0.47180669467518876,0.03461042348151598,True
table tennis,Austria,0.2205043334279328,0.03283384092068463,True
table tennis,Mexico,-0.6605022775934126,-0.021016139341147783,True
table tennis,Canada,-0.26379963180593596,0.11262863279288,False
table tennis,Guatemala,-0.24026317581472123,-0.06117525340262827,True
table tennis,Haiti,-0.8486881143873721,0.0061608916814722865,False
table tennis,Cuba,-0.815007145334201,0.017672038645858344,False
table tennis,Honduras,-0.03174166390037888,-0.021566237375945728,True
table tennis,Nicaragua,-0.3891089376526111,-0.10209641881783511,True
table tennis,Brazil,-0.16473294561901058,-0.04435702715592294,True
table tennis,Columbia,-0.010532107635800524,0.060102966615696855,False
table tennis,Argentina,-0.22879539715694444,-0.012141295028250777,True
table tennis,Peru,-0.7488827146322615,-0.05033976565752502,True
table tennis,Venezuela,-0.7879354481524672,-0.13128044069658976,True
table tennis,Chile,-0.39046877314141737,-0.10436607969184666,True
table tennis,Ecuador,-0.39242071286750724,-0.09974093004698159,True
table tennis,Bolivia,-0.8708868598827039,-0.061979028599962634,True
table tennis,Paraguay,-0.33837637898767386,-0.08183766017516478,True
table tennis,Uruguay,0.029432640661833938,-0.0866528296142994,False
table tennis,Australia,0.31165582848788587,0.05359141828456545,True
table tennis,Fiji,5.2099193016023754e-05,-0.07739440996269414,False
table tennis,Samoa,-0.15448739408990367,-0.03977387339741524,True
table tennis,Tonga,-0.04791499751006169,-0.1454707687464271,True
martial arts,Nigeria,0.6045021525099333,-0.07088521977222106,False
martial arts,Ethiopia,-0.5654360724085664,0.025630641851530658,False
martial arts,Egypt,-0.9242930787495641,0.11219636022524311,False
martial arts,Congo,-0.5158165662076273,-0.0013806164663012592,True
martial arts,Tanzania,-0.2618296181850674,-0.027729933266054285,True
martial arts,Kenya,0.09579345031944113,0.029332892601857813,True
martial arts,Uganda,0.7457786892514078,-0.06111038884311618,False
martial arts,Sudan,0.020027376352661705,0.04040366620550162,True
martial arts,Algeria,-0.3283670860360484,-0.1949066819820971,True
martial arts,China,1.17207845976193,0.1583411092789338,True
martial arts,India,0.5240611847865072,0.09198811819650748,True
martial arts,Indonesia,1.492034024635763,0.005648941836116136,True
martial arts,Pakistan,-0.014897072307530642,0.013783607166138986,False
martial arts,Bangladesh,0.9728246464436393,-0.10398537556758168,False
martial arts,Japan,1.8151989546817313,0.14357465103441466,True
martial arts,Philippines,2.237601400574611,-0.03704396985704485,False
martial arts,Vietnam,2.2825605446617296,-0.02001577975968753,False
martial arts,Iran,-0.5287922456500708,0.04614823758184146,False
martial arts,Turkey,-1.080124273753721,-0.01529848749633677,True
martial arts,Russia,-0.3244851569288577,0.11298441784815824,False
martial arts,Germany,-0.31272584227099404,-0.0505756524900494,True
martial arts,France,-1.1715212337525522,-0.10600758345186843,True
martial arts,Italy,-0.7640418562241649,-0.070096105430059,True
martial arts,Spain,-0.6277314213894848,0.011893706392984498,False
martial arts,Ukraine,-0.25333637699671185,0.016890311488932,False
martial arts,Poland,-0.9112785652368764,-0.0250589256556547,True
martial arts,Romania,-0.280452118623944,-0.025686179677177637,True
martial arts,Netherlands,-0.01694326723450004,-0.09440955891340513,True
martial arts,Austria,-1.4783436458841699,-0.09130722019746458,True
martial arts,Mexico,0.24603084905161815,0.03768147100578255,True
martial arts,Canada,-0.587128292170297,-0.05534125740461483,True
martial arts,Guatemala,-0.0327159741042321,-0.0332252994468893,True
martial arts,Haiti,-0.5574612026835951,-0.02669720906035099,True
martial arts,Cuba,-0.07221709421460767,0.005698270431036183,False
martial arts,Honduras,0.1918411214528417,-0.004270116195083821,False
martial arts,Nicaragua,-0.13476855426375461,-0.06876043399051338,True
martial arts,Brazil,0.22370782004448558,0.041045235911349905,True
martial arts,Columbia,-0.8392838127779505,-0.05298358870716866,True
martial arts,Argentina,-0.8919962402833413,-0.018126760843264724,True
martial arts,Peru,0.03145695188385067,0.02633393098151614,True
martial arts,Venezuela,-0.33783766464495957,-0.045344575530082976,True
martial arts,Chile,-0.8920644973854412,-0.04720412619926209,True
martial arts,Ecuador,-0.06349400096964193,-0.0601044116581574,True
martial arts,Bolivia,-0.7018448257852227,0.020215106777937916,False
martial arts,Paraguay,-0.3039192685888554,-0.042945806559580475,True
martial arts,Uruguay,-0.48857099639531054,-0.08449420361417823,True
martial arts,Australia,-0.02873487171858274,-0.043814385558294935,True
martial arts,Fiji,0.2355963936627969,-0.011266290803149757,False
martial arts,Samoa,0.5740349172881447,-0.006624021570710539,False
martial arts,Tonga,0.2947353477744512,-0.07436483370803978,False
baseball,Nigeria,0.5694389266188145,-0.07694469055813812,False
baseball,Ethiopia,-1.308508944034497,-0.1528011821667065,True
baseball,Egypt,-1.452240147898404,0.05262244145799891,False
baseball,Congo,-0.46678344372954517,-0.06213485946951428,True
baseball,Tanzania,-0.5536877735535352,-0.041489442827867415,True
baseball,Kenya,0.02996744790702703,0.12666081531105508,True
baseball,Uganda,0.4173753675098867,-0.05363619447429297,False
baseball,Sudan,-0.8230545702664587,0.021491504179703053,False
baseball,Algeria,-0.7964045803955805,-0.33926107203126327,True
baseball,China,-0.8831921899566801,0.1105811553525419,False
baseball,India,-0.9043187350506657,-0.024657872323784424,True
baseball,Indonesia,-0.2978443997457592,-0.12383911397094023,True
baseball,Pakistan,-0.6609098384278941,0.0001337304910885873,False
baseball,Bangladesh,0.22640259171669336,-0.11673104560233796,False
baseball,Japan,-0.2264505326123539,0.040618994174089644,False
baseball,Philippines,1.3194972317260842,-0.19529267722492588,False
baseball,Vietnam,0.37936257579993393,0.09088544807379664,True
baseball,Iran,-1.4578204589002781,-0.06798389865573587,True
baseball,Turkey,-0.8640122700672531,-0.09458321995568678,True
baseball,Russia,-1.2823367065967946,-0.0753091833197351,True
baseball,Germany,-0.5074144532406512,-0.03206475099722951,True
baseball,France,-1.5746661864345832,-0.21404799620391263,True
baseball,Italy,-0.782315354603924,-0.26504673643353965,True
baseball,Spain,-0.07281008257538114,-0.17809772247974073,True
baseball,Ukraine,-0.9625168628324425,-0.1153567226611164,True
baseball,Poland,0.14912395395704642,-0.02487609540412587,False
baseball,Romania,-0.6375375513847191,-0.2379047918091812,True
baseball,Netherlands,-0.9015099552148133,-0.14751664436392065,True
baseball,Austria,-1.0209358147830665,-0.20604901510665893,True
baseball,Mexico,1.2382694829583472,-0.09926106439201324,False
baseball,Canada,0.4026486578558669,0.1086698955827188,True
baseball,Guatemala,1.4326803688035337,-0.18637020593804002,False
baseball,Haiti,0.49251613671995026,-0.11066214587653565,False
baseball,Cuba,1.393211163554913,-0.039006283621025865,False
baseball,Honduras,1.9165075700775749,-0.049610284758471686,False
baseball,Nicaragua,1.13675880247954,-0.18755830325313103,False
baseball,Brazil,0.56028518409684,-0.1807640034167353,False
baseball,Columbia,1.15252913247764,0.11840021365273071,True
baseball,Argentina,0.820948868533082,-0.14055586377795584,False
baseball,Peru,0.3633172051561297,-0.1783424664703777,False
baseball,Venezuela,1.1864415289952315,-0.24454725061811008,False
baseball,Chile,0.07430158710906117,-0.17315653929546007,False
baseball,Ecuador,0.28556400267279586,-0.2277646501606426,False
baseball,Bolivia,0.5564227800488992,-0.18281641654492548,False
baseball,Paraguay,0.0894327855196082,-0.20799951096330313,False
baseball,Uruguay,0.4023687957842397,-0.17131770079821962,False
baseball,Australia,-0.2787538066888354,0.016677497149806875,False
baseball,Fiji,-0.7668302176156402,-0.11268628333087939,True
baseball,Samoa,0.12961888743520128,-0.08979156844135114,False
baseball,Tonga,-0.8319798563786135,-0.09310296279093637,True
american football,Nigeria,2.0324919415465406,0.0074788941349915065,True
american football,Ethiopia,0.13897951059726646,-0.1893329363917865,False
american football,Egypt,-0.5108112809056512,-0.060136074131230136,True
american football,Congo,0.9617232584257855,-0.12564403855332917,False
american football,Tanzania,0.7521204494372485,-0.06805340756708474,False
american football,Kenya,0.4609189748309339,-0.013450358009763437,False
american football,Uganda,1.3623229355091973,-0.03561597018730387,False
american football,Sudan,0.3142067523807565,0.019402680558436247,True
american football,Algeria,0.6306868372777563,-0.21494207559783454,False
american football,China,-1.2261068213598914,-0.04392497062593246,True
american football,India,-0.7783748094822098,-0.15969386079993644,True
american football,Indonesia,0.29915388409490334,-0.21123637181038993,False
american football,Pakistan,0.40699338708507893,-0.07702553278574445,False
american football,Bangladesh,0.9020241882296154,-0.1522031196128544,False
american football,Japan,-0.7007584238725841,-0.16256043704935158,True
american football,Philippines,2.3289666580634822,-0.23150225098872815,False
american football,Vietnam,0.9718403738491747,-0.1392652994471577,False
american football,Iran,-0.03700385257764447,-0.1381308961310294,True
american football,Turkey,-0.22983690254247433,-0.14099122403839107,True
american football,Russia,-1.7955159534990124,-0.1473616666575329,True
american football,Germany,0.2786985098940551,-0.1686175981552304,False
american football,France,-0.5272886845063216,-0.2860008820351924,True
american football,Italy,-0.006255622435688107,-0.3057073875574234,True
american football,Spain,0.22328115325212572,-0.1604124301098211,False
american football,Ukraine,-0.1566224968983415,-0.21670803410670225,True
american football,Poland,-0.2032020849533147,-0.19717837231266508,True
american football,Romania,0.42298088587997357,-0.3023481744876196,False
american football,Netherlands,1.3180250036726795,-0.20099880068502632,False
american football,Austria,-0.4970171081273663,-0.30727293687364665,True
american football,Mexico,1.2093074003405007,-0.1266230681973155,False
american football,Canada,0.3792919394828343,-0.052721261066072306,False
american football,Guatemala,1.6704962699796986,-0.14530909761978056,False
american football,Haiti,0.9710901473200915,-0.15749544681489022,False
american football,Cuba,1.0016200539716895,-0.07742092321587957,False
american football,Honduras,2.5115220248118164,-0.036029735122064276,False
american football,Nicaragua,1.474354760486254,-0.09831779902229769,False
american football,Brazil,1.8528966716413438,-0.14487249107357306,False
american football,Columbia,1.1920730335096068,0.0956891127936365,True
american football,Argentina,1.8153954340195089,-0.179691086167879,False
american football,Peru,1.117590911987741,-0.21921124056595848,False
american football,Venezuela,1.7826430503564064,-0.11200605691038824,False
american football,Chile,1.2481459662727337,-0.1348420958194645,False
american football,Ecuador,1.313579665787852,-0.16648919143375138,False
american football,Bolivia,1.5447822089085845,-0.20403452182002288,False
american football,Paraguay,1.3986247382055723,-0.13120545515860368,False
american football,Uruguay,1.7528479862744235,-0.15548351018301682,False
american football,Australia,0.6305383161475148,-0.15084805962567677,False
american football,Fiji,0.21238208530230987,-0.13399374859284507,False
american football,Samoa,0.8600811951392671,-0.1834508516565718,False
american football,Tonga,0.5776285607407631,-0.05819452577800578,False
rugby,Nigeria,1.1203157903311232,-0.09128656532090144,False
rugby,Ethiopia,-0.8115073314458509,-0.11606437851683479,True
rugby,Egypt,-1.6915150070691842,0.0962057940409055,False
rugby,Congo,0.39008165908545833,-0.05759746909865108,False
rugby,Tanzania,1.0072496211683095,-0.06579995313201656,False
rugby,Kenya,1.3738287844771038,0.12843750603418355,True
rugby,Uganda,1.1417635898412795,-0.011870922342803744,False
rugby,Sudan,-0.45970343394908053,0.011141142915136397,False
rugby,Algeria,-0.07566671597231261,-0.3058487084022986,True
rugby,China,-1.6204310529556465,0.11549008241224933,False
rugby,India,-0.34381512297050315,0.02031200518502187,False
rugby,Indonesia,-1.1395595717068743,-0.149945400314085,True
rugby,Pakistan,-0.1620415562930953,-0.00025377431389975554,True
rugby,Bangladesh,0.6855008226622096,-0.11193446451692107,False
rugby,Japan,-1.0376970826742486,0.05864510095797607,False
rugby,Philippines,-0.4525713789005798,-0.21895513487320997,True
rugby,Vietnam,0.10330148179215548,0.06441467469237526,True
rugby,Iran,-1.9415651863497077,-0.05641750640616674,True
rugby,Turkey,-1.5982088364880103,-0.081499410781334,True
rugby,Russia,-1.9956067333947265,0.004196865295376872,False
rugby,Germany,-0.3167131866337621,0.0809567527944872,False
rugby,France,0.35744011371131335,-0.06574788854087904,False
rugby,Italy,-0.11769179667769368,-0.1447594299174482,True
rugby,Spain,-0.30221215093356213,-0.11780756336663739,True
rugby,Ukraine,-0.4332877881470802,-0.02694692882331768,True
rugby,Poland,-0.47652418504384175,0.034582292416033625,False
rugby,Romania,0.3850651347011368,-0.1018778588074067,False
rugby,Netherlands,-0.34110653795774876,-0.0629858266820337,True
rugby,Austria,-1.0271900853152869,-0.048703804381911214,True
rugby,Mexico,-1.2738786413017205,-0.14500622964516363,True
rugby,Canada,0.18057492674819806,0.18949018509252785,True
rugby,Guatemala,-1.9000187067110585,-0.2407639996774314,True
rugby,Haiti,-0.7460886159025243,-0.09950205309717747,True
rugby,Cuba,-1.4390992907535674,-0.08388100891967874,True
rugby,Honduras,0.12796952114492868,-0.09952995777533089,False
rugby,Nicaragua,-1.0273704796791638,-0.2530327568752363,True
rugby,Brazil,0.2916872442104509,-0.15410695982250835,False
rugby,Columbia,0.21446948461286225,0.1156952755030675,True
rugby,Argentina,0.9799685534990794,-0.1223968311605513,False
rugby,Peru,-0.3162334393890876,-0.18265323341386006,True
rugby,Venezuela,-0.8742702212103182,-0.2683761010078489,True
rugby,Chile,0.2750387468915516,-0.21733947403890502,False
rugby,Ecuador,-0.8804840761106095,-0.2546575580572993,True
rugby,Bolivia,0.27483660532250676,-0.18680758242155185,False
rugby,Paraguay,0.46571451986071266,-0.19128826788019063,False
rugby,Uruguay,1.3865507392880572,-0.17337938814599652,False
rugby,Australia,1.9498116464067612,0.16438889086918287,True
rugby,Fiji,2.6891101162556565,-0.06970279105674992,False
rugby,Samoa,2.881753111723095,-0.05872547713917123,False
rugby,Tonga,2.4238234312574956,-0.09079037989820266,False
golf,Nigeria,0.7158908284759307,-0.06104718900666391,False
golf,Ethiopia,-1.3415258882871477,-0.1540115165337611,True
golf,Egypt,-1.2794169854435171,-0.011797895883452298,True
golf,Congo,-0.7584545708158784,-0.0648292484302084,True
golf,Tanzania,0.010872746101247034,-0.03462488240333951,False
golf,Kenya,1.0449900306338835,0.14664650670548737,True
golf,Uganda,0.2698518137171848,-0.053981141047187695,False
golf,Sudan,-0.45071642802300954,-0.024040653695231767,True
golf,Algeria,-0.24562443521883287,-0.2965303368518924,True
golf,China,-1.0927181046848449,0.10078269872575045,False
golf,India,-0.349059764266729,0.014086884031755322,False
golf,Indonesia,0.35831534209958565,-0.04704007457738433,False
golf,Pakistan,-0.05808420758967266,0.04340488961945275,False
golf,Bangladesh,0.14544735518881516,-0.024101071332767145,False
golf,Japan,-0.5253076365017383,0.09432584534806235,False
golf,Philippines,0.731437477708096,-0.1204679040238101,False
golf,Vietnam,0.22756582194048214,0.12802541927545993,True
golf,Iran,-1.4853370364171208,-0.06928667092049252,True
golf,Turkey,-0.07281159334046207,-0.09344066000072357,True
golf,Russia,-1.842744525442442,-0.05543351465657449,True
golf,Germany,0.1564864935757432,0.04701342746113597,True
golf,France,-0.08752409778872935,-0.11189966248480616,True
golf,Italy,0.008747357430422814,-0.17908941301300998,False
golf,Spain,0.6522769350482482,-0.18618754489494194,False
golf,Ukraine,-1.1827070881875386,-0.08458827065821425,True
golf,Poland,-0.4162149482384738,0.02891043169010727,False
golf,Romania,-1.0776197186917553,-0.14892495573429124,True
golf,Netherlands,-0.042619717560744015,-0.03559067332124263,True
golf,Austria,0.13049695288506188,-0.08322253574056099,False
golf,Mexico,-0.13759193350133966,-0.11849972181856365,True
golf,Canada,0.346387421161803,0.18678428292910823,True
golf,Guatemala,-0.07868424273111473,-0.1772900473349366,True
golf,Haiti,-0.45856312702581326,-0.10261203426500584,True
golf,Cuba,-0.24293872319984772,-0.08916998531042188,True
golf,Honduras,0.5670028470119852,-0.07992352958611157,False
golf,Nicaragua,-0.0001580731071466056,-0.16315200094529486,True
golf,Brazil,-0.1494867709328298,-0.1481606331067549,True
golf,Columbia,0.48073203524943814,0.14174313904817445,True
golf,Argentina,0.40285271696184344,-0.144331494800783,False
golf,Peru,-0.7053673091975523,-0.16014555249604273,True
golf,Venezuela,-0.5866088511711168,-0.26709408355827785,True
golf,Chile,0.1309810673114668,-0.1641543221691646,False
golf,Ecuador,-0.30151856755073714,-0.22806785498537482,True
golf,Bolivia,-0.9600225992963048,-0.18158095419044643,True
golf,Paraguay,0.0508785488713868,-0.17562006951458897,False
golf,Uruguay,0.3118686821335012,-0.14414598462321457,False
golf,Australia,1.4348999512847134,0.16207425351051982,True
golf,Fiji,1.0860610378851385,-0.03539954846374717,False
golf,Samoa,0.13258777381671638,-0.011717431697410146,False
golf,Tonga,-0.3082014940680145,-0.06136365890792749,True
athletics,Nigeria,0.49624013165066716,-0.062079733487077175,False
athletics,Ethiopia,-0.5322946020878933,-0.11952501949520972,True
athletics,Egypt,-1.1891474017849546,0.04862041180338612,False
athletics,Congo,-1.4599391585393326,-0.12353920812860864,True
athletics,Tanzania,-0.56298273599896,-0.046337855364007814,True
athletics,Kenya,-0.1055001002307333,0.08146478627644768,False
athletics,Uganda,0.2631378701561997,-0.00960470959593493,False
athletics,Sudan,-0.7158888994267512,0.00550864883985968,False
athletics,Algeria,-0.4307995598456909,-0.27258002878018817,True
athletics,China,-0.9414260514374462,0.021036238163825934,False
athletics,India,-0.2912204991205162,-0.03670789362668553,True
athletics,Indonesia,-0.3681160645942534,-0.16010268988279627,True
athletics,Pakistan,-0.7629373276417918,-0.016251024488672647,True
athletics,Bangladesh,-0.4282566614434028,-0.10849645789137809,True
athletics,Japan,-0.4899257023424171,-0.03394535345194167,True
athletics,Philippines,0.30390515160139003,-0.2256273031027993,False
athletics,Vietnam,-0.848357996256927,-0.048771768188079566,True
athletics,Iran,-1.0470121469218336,-0.05337756489046609,True
athletics,Turkey,-0.1795013991596693,-0.0709966230293812,True
athletics,Russia,0.40719593391270675,-0.029206740322738293,False
athletics,Germany,0.3381922690952558,-0.013365838118471366,False
athletics,France,-0.6750546748009059,-0.18428056078606458,True
athletics,Italy,-0.2639951640368326,-0.19948921246822948,True
athletics,Spain,-0.12777413368937468,-0.1531788582092106,True
athletics,Ukraine,0.2496345193734307,-0.07990297714720489,False
athletics,Poland,0.18427310439468875,-0.043957235648490245,False
athletics,Romania,0.12175187983111048,-0.18599362366481023,False
athletics,Netherlands,-0.34151038915184806,-0.0912778939856534,True
athletics,Austria,-0.24250825932998496,-0.1510738002066363,True
athletics,Mexico,-0.33898247188524383,-0.18753547706746465,True
athletics,Canada,-0.15384249515107987,0.038949461736361365,False
athletics,Guatemala,-0.4310577147098864,-0.24102845513218116,True
athletics,Haiti,-1.1330167359410301,-0.16747636364355825,True
athletics,Cuba,-0.5891113772072598,-0.12949771281977218,True
athletics,Honduras,-0.21498822018512515,-0.13722327559988992,True
athletics,Nicaragua,-0.7428571548347342,-0.19687418691517083,True
athletics,Brazil,-0.0342258172995433,-0.1996089270103,True
athletics,Columbia,0.0015691857755819275,0.0680944016702978,True
athletics,Argentina,-0.529880970122388,-0.19114613017185605,True
athletics,Peru,-0.7312474024027051,-0.2119563228750946,True
athletics,Venezuela,-0.81380380022899,-0.23916308410289358,True
athletics,Chile,-0.6311265613552057,-0.24167261544537091,True
athletics,Ecuador,-0.510653382789903,-0.2508277173343671,True
athletics,Bolivia,-0.5183670207717882,-0.2411941739901359,True
athletics,Paraguay,-0.7032592961909816,-0.1973057343303794,True
athletics,Uruguay,-0.356863975104628,-0.20167075752986324,True
athletics,Australia,0.026977538492906246,-0.010268481357737978,False
athletics,Fiji,-0.6113707873454965,-0.14779711581719562,True
athletics,Samoa,0.19451701398008325,-0.13559601734102497,False
athletics,Tonga,-0.3849187732220579,-0.10127091527874202,True
badminton,Nigeria,-0.07335997307596437,-0.014762028683056051,True
badminton,Ethiopia,-1.0010368106123846,-0.08873469567745482,True
badminton,Egypt,-2.0031651810877933,-0.005307714663203276,True
badminton,Congo,-0.9651394028746726,-0.1024301626523258,True
badminton,Tanzania,0.6206270171648735,-0.024964713187977047,False
badminton,Kenya,0.3160974508254783,0.1283080288367806,True
badminton,Uganda,0.5792593771606737,0.00026900587751204583,True
badminton,Sudan,-0.3716687976814931,-0.00353703511092135,True
badminton,Algeria,-0.8237180037726246,-0.22923114603740194,True
badminton,China,0.15618077218455453,0.060979194183738934,True
badminton,India,-0.3798849079679548,-0.01031512898814817,True
badminton,Indonesia,2.071719245192675,-0.03634589433035292,False
badminton,Pakistan,0.04629153200954874,0.024600638198216895,True
badminton,Bangladesh,1.2179266369485864,-0.002767406759233902,False
badminton,Japan,0.14988731308133335,0.06515240610100598,True
badminton,Philippines,1.5155476264668877,-0.1250728437849939,False
badminton,Vietnam,0.6085194889402319,0.024424136985904853,True
badminton,Iran,-1.568942193672171,-0.05285470941301501,True
badminton,Turkey,-0.4574006115831618,-0.08951416953233353,True
badminton,Russia,-2.031166247646289,-0.07568159696744121,True
badminton,Germany,-0.08006788889930144,-0.0014038071622941481,True
badminton,France,-1.3552157970175915,-0.16039211061829603,True
badminton,Italy,-1.374785393947766,-0.19409657643320755,True
badminton,Spain,-0.5796346261215283,-0.15138430982582674,True
badminton,Ukraine,-1.345726719801433,-0.1108634014972263,True
badminton,Poland,-1.0045749893226976,-0.0606766921008148,True
badminton,Romania,-0.8528305536519336,-0.15993556442680606,True
badminton,Netherlands,1.09028368232177,-0.02411890374515577,False
badminton,Austria,-0.831849817434539,-0.10637260128270669,True
badminton,Mexico,-1.4937378166744908,-0.1260584391813834,True
badminton,Canada,-0.3226422232540808,0.12587577582679224,False
badminton,Guatemala,-0.6456670213149316,-0.1647903641417177,True
badminton,Haiti,-1.2459501732387712,-0.10936213119960014,True
badminton,Cuba,-0.8567462028111708,-0.0894447223336586,True
badminton,Honduras,-0.15657658247015116,-0.08616426590425133,True
badminton,Nicaragua,-0.691151321859524,-0.14644121325268367,True
badminton,Brazil,-0.2271593964573227,-0.12996894177383905,True
badminton,Columbia,0.13803550734146985,0.1237559099064421,True
badminton,Argentina,-0.9017638082480162,-0.12646235394940966,True
badminton,Peru,-1.2396988492366374,-0.16025971195641997,True
badminton,Venezuela,-1.4720664483005343,-0.19330066005116683,True
badminton,Chile,-0.6471149218247546,-0.15667083292766606,True
badminton,Ecuador,-0.8091816673163028,-0.17879132561505523,True
badminton,Bolivia,-1.4253207035759925,-0.17011855480061389,True
badminton,Paraguay,-0.9683252421165663,-0.14153944571790128,True
badminton,Uruguay,-0.2958612053669652,-0.13107889130495015,True
badminton,Australia,1.0981182389925257,0.1280299362330704,True
badminton,Fiji,0.6540395919347448,-0.017177570543276104,False
badminton,Samoa,0.1625683315881932,-0.04758749573515821,False
badminton,Tonga,0.7322392336069304,-0.030429173862924704,False
boxing,Nigeria,1.0185376693765915,-0.11738368497126511,False
boxing,Ethiopia,-0.06711929888366357,-0.0862209900052717,True
boxing,Egypt,-0.17772531820279605,0.10749110974879958,False
boxing,Congo,0.5252181369825596,-0.027373605316378398,False
boxing,Tanzania,-0.23226017529634693,-0.08480895430212611,True
boxing,Kenya,0.38727573035499535,0.032384688242862704,True
boxing,Uganda,0.7186915986029487,-0.09637475587852362,False
boxing,Sudan,0.24776637439381238,-0.007126038901873036,False
boxing,Algeria,1.1603369116609021,-0.257279712554884,False
boxing,China,-0.16642679553227674,0.09966517356212237,False
boxing,India,0.06626041945564341,0.021824656506582985,True
boxing,Indonesia,0.6374249163769574,-0.08048776054998182,False
boxing,Pakistan,-0.2565017567300248,-0.017000157180588667,True
boxing,Bangladesh,0.8737012405098017,-0.1628845437287355,False
boxing,Japan,0.174682237371711,0.08126004471281968,True
boxing,Philippines,0.9065457800590914,-0.12615887365267722,False
boxing,Vietnam,1.041730762254734,0.027490049426927295,True
boxing,Iran,-0.5957639284135573,-0.0044863556973223275,True
boxing,Turkey,-0.3031290188122434,-0.023523692287093514,True
boxing,Russia,-0.07291254250082069,0.04949529304089001,False
boxing,Germany,0.2346243922606745,0.01469032784929195,True
boxing,France,-0.10605225180216983,-0.11229725821740243,True
boxing,Italy,0.0025850231589468167,-0.0882879235265845,False
boxing,Spain,0.8661834533648891,-0.023460988808243696,False
boxing,Ukraine,0.1822309079008525,-0.022519008875207476,False
boxing,Poland,0.223551003876994,0.02508134429736892,True
boxing,Romania,0.277220465583996,-0.09019285207099927,False
boxing,Netherlands,-0.25080785913274883,-0.08566343900021704,True
boxing,Austria,-0.5348460377839562,-0.09691234765028517,True
boxing,Mexico,0.9196369601373438,-0.00838818574195643,False
boxing,Canada,-0.1735522680824275,0.05310474639532395,False
boxing,Guatemala,0.6662238209618129,-0.0971611838413237,False
boxing,Haiti,0.19392193846409275,-0.04098007306065093,False
boxing,Cuba,1.5221138998610602,0.024492433873287627,True
boxing,Honduras,1.0300695285433883,-0.02304716943007274,False
boxing,Nicaragua,0.3599585685527696,-0.11777847368351925,False
boxing,Brazil,0.7528784166589128,-0.07245693186843362,False
boxing,Columbia,-0.024276998728101466,0.014072060588760349,False
boxing,Argentina,0.07213510160418111,-0.0585550853395527,False
boxing,Peru,0.2433161946319097,-0.0775315008887579,False
boxing,Venezuela,0.49597088457952043,-0.14837665111676654,False
boxing,Chile,-0.24613483351222307,-0.12884912433935664,True
boxing,Ecuador,0.45411560986640737,-0.14410839086119603,False
boxing,Bolivia,0.3862238671100423,-0.09939407740463096,False
boxing,Paraguay,0.06320245334176544,-0.13110412089358514,False
boxing,Uruguay,0.32224226346517165,-0.12532093322650772,False
boxing,Australia,-0.17167357640899794,-0.03141394843551805,True
boxing,Fiji,0.4952066071846983,-0.12216632957347075,False
boxing,Samoa,0.9112246393772634,-0.09432930105836217,False
boxing,Tonga,0.42207074820703944,-0.14659708327336493,False
Formula One,Nigeria,0.8849566522641397,0.020392874066651183,True
Formula One,Ethiopia,-0.5886866073330319,0.01741669157948375,False
Formula One,Egypt,-0.8051581612591016,0.07787363304102889,False
Formula One,Congo,-0.9839111940629369,-0.02364716409219712,True
Formula One,Tanzania,-0.38593638874870906,-0.017274376169811048,True
Formula One,Kenya,0.41356449156752156,0.09604522539014573,True
Formula One,Uganda,0.30339108360623046,0.027672358322158898,True
Formula One,Sudan,-0.13839889283028367,0.014847791074638685,False
Formula One,Algeria,0.6713741560297197,-0.06508408787433226,False
Formula One,China,-0.23165688267748466,-0.07829899547863789,True
Formula One,India,-0.12960090970788876,-0.0861124909126898,True
Formula One,Indonesia,0.6949315408869129,-0.03852614791318878,False
Formula One,Pakistan,0.4088064338036187,-0.024655036983326245,False
Formula One,Bangladesh,1.0825304546838472,-0.11484032198620303,False
Formula One,Japan,0.3722301064503724,0.025559421200294103,True
Formula One,Philippines,0.31065921297366583,0.00846054915608541,True
Formula One,Vietnam,-0.2983466539423836,-0.00499761265167148,True
Formula One,Iran,-0.24441839726228012,-0.031126456588950045,True
Formula One,Turkey,0.14387197025019405,-0.02255511764958685,False
Formula One,Russia,-0.7756026318032286,0.009006304894713183,False
Formula One,Germany,1.539414469168387,0.10053839021151968,True
Formula One,France,1.3505315720685171,0.010058602421919867,True
Formula One,Italy,1.2527489779459038,0.09463513987704818,True
Formula One,Spain,1.3476772683415932,0.16524851641577795,True
Formula One,Ukraine,-0.8643528262648671,0.05201300633765781,False
Formula One,Poland,-0.7317015732012684,0.16345339565988196,False
Formula One,Romania,0.1774995431535448,0.11305182912720321,True
Formula One,Netherlands,0.05888876871011403,0.022530215435840845,True
Formula One,Austria,1.508041847356808,0.0794255189413645,True
Formula One,Mexico,0.06780613369418938,0.0920098205620722,True
Formula One,Canada,-0.07411098403549501,0.020570611435397446,False
Formula One,Guatemala,-0.4790799855306605,0.12307783214074791,False
Formula One,Haiti,-1.227456992388492,0.12847565113696638,False
Formula One,Cuba,-1.0749094380944482,0.18062640796670767,False
Formula One,Honduras,-0.7744148335058431,0.18370642228068276,False
Formula One,Nicaragua,-0.44123052362918536,0.10546412425976032,False
Formula One,Brazil,1.7741947704704852,0.10168201606665266,True
Formula One,Columbia,-0.9872687645890484,-0.007376277590270603,True
Formula One,Argentina,1.3262163495712678,0.17648236991307886,True
Formula One,Peru,-0.8098344301184498,0.06712026015741301,False
Formula One,Venezuela,0.3347715377677448,0.0777173225395311,True
Formula One,Chile,0.5964994658741346,0.0919864123383057,True
Formula One,Ecuador,0.19637867867824943,0.1055350089812424,True
Formula One,Bolivia,-0.6197180146604211,0.06155277632868516,False
Formula One,Paraguay,-0.12646216510709432,0.14704874611431365,False
Formula One,Uruguay,0.154160233584295,0.11025167142098469,True
Formula One,Australia,1.7739118443316715,-0.025858723745695252,False
Formula One,Fiji,0.3443564352012114,-0.07035781808837353,False
Formula One,Samoa,-0.4774084231180248,0.013436538156363866,False
Formula One,Tonga,0.5179303275605465,-0.08681751112683359,False
MotoGP,Nigeria,-0.1254512600447459,-0.012815040568384036,True
MotoGP,Ethiopia,-1.3875188222961914,0.09992605657615954,False
MotoGP,Egypt,-1.7762803017226299,0.1253672458544461,False
MotoGP,Congo,-0.742510919481311,0.06846535604574909,False
MotoGP,Tanzania,-0.5939271051212364,-0.026191337499480678,True
MotoGP,Kenya,-0.13252100841632505,0.027376479439825557,False
MotoGP,Uganda,-0.2873988324366729,-0.02202693381314969,True
MotoGP,Sudan,-1.2165438915045268,0.023651999849152727,False
MotoGP,Algeria,-0.021223403243464996,0.008163606513476326,False
MotoGP,China,0.7998085391457426,-0.004099923128644667,False
MotoGP,India,-0.1333218038386965,-0.029012835673123002,True
MotoGP,Indonesia,1.2568367065518828,0.016052046501603457,True
MotoGP,Pakistan,-0.30097167405686387,-0.016834710818090595,True
MotoGP,Bangladesh,0.8752550507298446,-0.11350995764972546,False
MotoGP,Japan,1.8984851494699528,0.07105621617610895,True
MotoGP,Philippines,1.977611044281221,0.04514576716740263,True
MotoGP,Vietnam,1.5478085813385962,0.019078592447993432,True
MotoGP,Iran,-0.7512316552595344,0.05830499479202083,False
MotoGP,Turkey,-0.42827870561026243,0.01153827146542338,False
MotoGP,Russia,-0.3091151812644526,0.10033400034389826,False
MotoGP,Germany,0.8882022335799298,0.09433625676576497,True
MotoGP,France,1.3431061580592907,0.09516954861496768,True
MotoGP,Italy,1.6434042168333474,0.15310283933592675,True
MotoGP,Spain,1.7585592879597474,0.21413175923044142,True
MotoGP,Ukraine,-0.6389491837794181,0.09771243203743397,False
MotoGP,Poland,-0.8120515601838018,0.15150526596983743,False
MotoGP,Romania,0.3522232514753327,0.19643394008720583,True
MotoGP,Netherlands,0.8305403058799868,0.031587352661425344,True
MotoGP,Austria,0.8309965944897773,0.09632703737088463,True
MotoGP,Mexico,1.046701455889131,0.15868048788081476,True
MotoGP,Canada,0.3400065007583133,-0.0364921543511115,False
MotoGP,Guatemala,-0.6594146309917437,0.20286393149567672,False
MotoGP,Haiti,-1.1316205411967186,0.21453609176119035,False
MotoGP,Cuba,0.4133185263830441,0.21821552512442113,True
MotoGP,Honduras,-0.5347145903136632,0.1968065019940284,False
MotoGP,Nicaragua,0.018805141689118097,0.13751482760082778,True
MotoGP,Brazil,1.8206390496295284,0.18364289508771706,True
MotoGP,Columbia,0.00815267591893959,-0.08211953109981276,False
MotoGP,Argentina,1.066827718875423,0.21408856207004603,True
MotoGP,Peru,-0.14500246606410302,0.1555523353660771,False
MotoGP,Venezuela,0.8743281791186168,0.1421273278127763,True
MotoGP,Chile,0.8031632531661047,0.16079020985638248,True
MotoGP,Ecuador,0.4429482780189403,0.16091801305425793,True
MotoGP,Bolivia,0.15421991043445324,0.1735800625822055,True
MotoGP,Paraguay,-0.4233820104055637,0.17763539741329973,False
MotoGP,Uruguay,0.521708571827324,0.13314101796162545,True
MotoGP,Australia,1.6754514509970986,-0.10236528240342731,False
MotoGP,Fiji,0.17609895599464914,-0.025663561485247746,False
MotoGP,Samoa,0.09857712408974463,0.05934739228830288,True
MotoGP,Tonga,0.7053271303656566,-0.09902060395743456,False
cycling,Nigeria,0.02050509240644894,-0.02905259091987851,False
cycling,Ethiopia,-0.41007413243540247,-0.0713218751296359,True
cycling,Egypt,-1.7344533452512085,0.04610126930908615,False
cycling,Congo,-0.759490300096571,-0.0055861226247383225,True
cycling,Tanzania,0.5031534690226173,-0.06734297502288307,False
cycling,Kenya,0.19620273188759663,0.055971883750980944,True
cycling,Uganda,0.522520001865839,-0.044759863707467686,False
cycling,Sudan,-0.8928682539164887,-0.03260537207687854,True
cycling,Algeria,0.1500282683713481,-0.11171478333842573,False
cycling,China,-0.8946569476730778,0.0013437573161759404,False
cycling,India,-0.7050939715313376,-0.09594055573195691,True
cycling,Indonesia,-0.13844378833289409,-0.08478328632192765,True
cycling,Pakistan,-0.9170255702188975,-0.08015167776739839,True
cycling,Bangladesh,0.19621661458509526,-0.1775966738152849,False
cycling,Japan,-0.4711889873477304,0.06410103949446926,False
cycling,Philippines,0.5845945905725616,-0.07685193047932876,False
cycling,Vietnam,0.13819566291546093,0.036086882926546646,True
cycling,Iran,-1.577553079854632,-0.04964645532587668,True
cycling,Turkey,-0.11731855882549501,-0.06939804408502621,True
cycling,Russia,-0.8193814394342877,-0.011863568937583167,True
cycling,Germany,0.764466231534902,0.13539082587725518,True
cycling,France,0.45286252331317,0.04098798259156494,True
cycling,Italy,0.6339551651709241,0.0027819438736697098,True
cycling,Spain,1.0715352959115356,0.07888209028327185,True
cycling,Ukraine,0.1651417949393339,-0.007666547557552816,False
cycling,Poland,0.3511933817318012,0.1255398356857955,True
cycling,Romania,0.4556978036366624,-0.0020284379526466457,False
cycling,Netherlands,1.3617720850526362,0.08605976514287834,True
cycling,Austria,0.7074904397401,0.055857002659852016,True
cycling,Mexico,-0.3636817841856305,0.016529875435268144,False
cycling,Canada,-0.2330688143404854,0.059995127300158754,False
cycling,Guatemala,-0.48454094123571545,0.01609543856042296,False
cycling,Haiti,-1.2334378985747818,0.07175439310311038,False
cycling,Cuba,-0.8169614247436618,0.10694491987692557,False
cycling,Honduras,-0.28029291845782994,0.055797365510676336,False
cycling,Nicaragua,-0.7011857483954009,-0.05034629964823865,True
cycling,Brazil,0.13217277630427482,0.02309253862987418,True
cycling,Columbia,0.2246035848245436,0.04059850434914039,True
cycling,Argentina,-0.21920174733454775,0.10052092892463374,False
cycling,Peru,-0.37691814418376685,-0.004980808984705841,True
cycling,Venezuela,-0.40087608722430534,-0.0219056923644536,True
cycling,Chile,0.0497819063448804,0.04842901909820708,True
cycling,Ecuador,0.018163596974350455,0.01632720674980959,True
cycling,Bolivia,0.1308802133422329,-0.016059381020905393,False
cycling,Paraguay,-0.6871651436952059,0.055800340017649636,False
cycling,Uruguay,0.005361266897272578,0.05170634829101593,True
cycling,Australia,0.4452858404410825,-0.0223092883894111,False
cycling,Fiji,-0.7515838130840625,-0.13114538941872844,True
cycling,Samoa,-0.4901551063928173,-0.04557569979235973,True
cycling,Tonga,-0.8880398582555219,-0.11713952496478351,True
swimming,Nigeria,-0.1847503407572922,-0.08004651343882464,True
swimming,Ethiopia,0.09903579700002209,-0.12768109698500268,False
swimming,Egypt,-0.3234460690283707,0.11110844157391356,False
swimming,Congo,-0.37763362388753174,-0.04510599563776061,True
swimming,Tanzania,0.10266865157392628,-0.05025270239601519,False
swimming,Kenya,0.45653093745147705,0.10209499319600436,True
swimming,Uganda,-0.1533648342548895,-0.0788253766392678,True
swimming,Sudan,-0.23702477568996064,0.007905042600929049,False
swimming,Algeria,-0.09373731309149724,-0.29413408090259857,True
swimming,China,0.0633974032870878,0.1527482340999232,True
swimming,India,-0.7334094455965018,-0.007907683719804944,True
swimming,Indonesia,0.7036335780183511,-0.09146520101501933,False
swimming,Pakistan,-1.1708439923811218,0.02831843052132104,False
swimming,Bangladesh,0.01034221750684776,-0.13663879180026306,False
swimming,Japan,-0.20231032910176344,0.06445292279026642,False
swimming,Philippines,0.9875686232978288,-0.18451714948904188,False
swimming,Vietnam,0.45836606409995345,0.06882832423920043,True
swimming,Iran,-1.119402932498806,-0.007871142755479201,True
swimming,Turkey,-0.04232636776624431,-0.03361301877188882,True
swimming,Russia,-0.41775669425512957,0.003018851947576497,False
swimming,Germany,-0.3522859990792879,-0.02184474952580994,True
swimming,France,-0.551652327183342,-0.19972398665117946,True
swimming,Italy,0.15240709101316588,-0.2078745263111433,False
swimming,Spain,0.347012756220107,-0.14185852676579042,False
swimming,Ukraine,-0.3562096530518535,-0.06947724024385445,True
swimming,Poland,-0.47479270449800526,0.031458780040904674,False
swimming,Romania,0.31808307323659774,-0.2093110942001132,False
swimming,Netherlands,-0.20294085721613347,-0.1456770258775221,True
swimming,Austria,-0.5165237972578961,-0.18378756507134467,True
swimming,Mexico,-0.009526094161853531,-0.08337632079753761,True
swimming,Canada,-0.36085532717304575,0.04236531915383385,False
swimming,Guatemala,-0.3836813850626147,-0.1885334849612397,True
swimming,Haiti,-0.3010119846339394,-0.12040585073002656,True
swimming,Cuba,0.07765064345072392,-0.002851142801768252,False
swimming,Honduras,0.19633927727182862,-0.08041642871337809,False
swimming,Nicaragua,-0.28911886701501593,-0.2024576785119132,True
swimming,Brazil,0.9150433527798996,-0.13534963846837084,False
swimming,Columbia,-0.19697370550078663,0.05710593442177598,False
swimming,Argentina,-0.21633748077025405,-0.10266837113743821,True
swimming,Peru,-0.09595638391682382,-0.13398470188154088,True
swimming,Venezuela,-0.4336621953357749,-0.208012253780812,True
swimming,Chile,0.24376697052225507,-0.13222538746370396,False
swimming,Ecuador,0.22994731296384285,-0.20558752575150854,False
swimming,Bolivia,-0.3678486065688907,-0.1538996588759787,True
swimming,Paraguay,-0.12168011097660565,-0.1839140232046609,True
swimming,Uruguay,0.2830312145608606,-0.16009270600461398,False
swimming,Australia,0.5652039365514409,-0.01888932044729416,False
swimming,Fiji,1.4814928983671578,-0.1607871910587773,False
swimming,Samoa,0.8812109093528989,-0.12066238161305516,False
swimming,Tonga,0.19669394535575396,-0.1281740104395366,False
snooker,Nigeria,0.007775434816658908,-0.1307986852764152,False
snooker,Ethiopia,-1.4662797777108953,-0.09051365649349859,True
snooker,Egypt,-1.1659044948796737,0.07634359815045849,False
snooker,Congo,-1.1088850110752813,-0.06427998014520693,True
snooker,Tanzania,-0.6636481396844581,-0.06072313903708629,True
snooker,Kenya,-0.2749342027240855,0.11065285468861007,False
snooker,Uganda,0.10719819946806783,-0.027044197629107345,False
snooker,Sudan,-1.3797480645253435,-0.008064916871922066,True
snooker,Algeria,-0.21673554906881082,-0.31056167499147674,True
snooker,China,-0.9817733076582779,0.10970487424934731,False
snooker,India,-0.07468501279893605,0.07942630708510627,False
snooker,Indonesia,-0.780189012982896,-0.0831943197007638,True
snooker,Pakistan,0.03828866099633233,0.03695140258190738,True
snooker,Bangladesh,0.42767435370249207,-0.017575725508394972,False
snooker,Japan,-1.372269529358625,0.09882754194481724,False
snooker,Philippines,-0.5666329818867296,-0.1850260982003113,True
snooker,Vietnam,0.22575560258221936,0.09593437142747156,True
snooker,Iran,-1.3836348596195127,-0.017677367332871993,True
snooker,Turkey,-0.7232268494878171,-0.06762363433131127,True
snooker,Russia,-2.1645855046772575,0.04853376263522413,False
snooker,Germany,-0.3956580064213975,0.06615469311994027,False
snooker,France,-0.31299485525746096,-0.07647384870087055,True
snooker,Italy,-1.0446624135086904,-0.15128738622679402,True
snooker,Spain,-0.2657701142568281,-0.18498048773344053,True
snooker,Ukraine,-1.4582260067363586,-0.022948066354150868,True
snooker,Poland,-0.7110328196780098,0.02069068839539618,False
snooker,Romania,-0.9325045068570512,-0.10799252570598741,True
snooker,Netherlands,-0.63820293476342,-0.05456205269220976,True
snooker,Austria,-0.6469969603924862,-0.029237460632984786,True
snooker,Mexico,-1.2188859783054864,-0.17115540224468279,True
snooker,Canada,-0.2236790534584778,0.18639139545212885,False
snooker,Guatemala,-0.7693193715833962,-0.26911355826581423,True
snooker,Haiti,-1.1782923413996886,-0.16703897642818055,True
snooker,Cuba,-0.8460681267708106,-0.142846060154223,True
snooker,Honduras,-0.267874328521491,-0.1787959306154839,True
snooker,Nicaragua,-0.6625743018104684,-0.2819650739614675,True
snooker,Brazil,-1.2502108987351461,-0.18376273343395647,True
snooker,Columbia,-0.0459279811853817,0.09101956967517294,False
snooker,Argentina,-0.8079165262941298,-0.2033279924746726,True
snooker,Peru,-1.5787538915019,-0.2054326595548104,True
snooker,Venezuela,-1.3091670754538292,-0.34028887353530296,True
snooker,Chile,-0.9355681422318329,-0.2896381065178819,True
snooker,Ecuador,-1.41941891475978,-0.3224664235600144,True
snooker,Bolivia,-1.3153092638711148,-0.20865392317575376,True
snooker,Paraguay,-0.7536793448875749,-0.26975060259051564,True
snooker,Uruguay,-0.308102307531782,-0.23355539786793017,True
snooker,Australia,1.2057793252717963,0.2105869934476471,True
snooker,Fiji,1.010048660280983,-0.05252227533447366,False
snooker,Samoa,0.017036674196202202,-0.05121732950423368,False
snooker,Tonga,0.4579437557880968,-0.11319928998097128,False
shooting,Nigeria,0.25661845421558377,-0.09319334191635943,False
shooting,Ethiopia,-0.4140773684459232,-0.006955010532899725,True
shooting,Egypt,-0.7569974534124275,0.18657608860426272,False
shooting,Congo,0.36689634298343243,-0.027811272770965453,False
shooting,Tanzania,-0.27597481387721573,-0.02240330540550201,True
shooting,Kenya,0.2783143095244294,0.165825165712908,True
shooting,Uganda,0.3078599655310131,-0.04247245183756867,False
shooting,Sudan,-0.12021509247731782,0.05474080921070041,False
shooting,Algeria,0.6791854535363716,-0.28149662432977024,False
shooting,China,-0.6063849645458661,0.15847198275052327,False
shooting,India,-0.3880481534194913,0.050554026844663376,False
shooting,Indonesia,-0.07368482990195119,-0.045528703681582634,True
shooting,Pakistan,0.420324199545936,0.05338047678016744,True
shooting,Bangladesh,-0.43195390274258866,-0.11252367757018487,True
shooting,Japan,-0.4845030686681079,0.15436400572013298,False
shooting,Philippines,0.04769766894262851,-0.15042995869092587,False
shooting,Vietnam,1.2979844944553827,0.08332366493560507,True
shooting,Iran,-0.27746541099985134,0.05301947051762208,False
shooting,Turkey,0.7904586532017465,0.012341372564610847,True
shooting,Russia,0.10599466290643261,0.07420670857853262,True
shooting,Germany,0.3750519695531606,0.06815734662891734,True
shooting,France,0.009316298098143579,-0.13297403811896558,False
shooting,Italy,-0.41445253544279875,-0.12566684566841568,True
shooting,Spain,0.05004619447862399,-0.09326260087985282,False
shooting,Ukraine,0.4885784857589233,0.03358400757249225,True
shooting,Poland,0.44485077891786995,0.1052340481513786,True
shooting,Romania,0.4115239721131412,-0.07955233793979859,False
shooting,Netherlands,-0.2483567372861373,-0.07640414989245989,True
shooting,Austria,0.40280788173989207,-0.06100569231182249,False
shooting,Mexico,0.11160765334933226,-0.07124058521469169,False
shooting,Canada,-0.07603555612564507,0.05695625549028577,False
shooting,Guatemala,0.07019370476781914,-0.15346346599182237,False
shooting,Haiti,-0.6333362495676771,-0.08073682151822445,True
shooting,Cuba,-0.856270846415847,-0.02069625287496201,True
shooting,Honduras,-0.3189263246316816,-0.06997275066796749,True
shooting,Nicaragua,-0.9314976088197047,-0.21142560947786646,True
shooting,Brazil,-0.42933868517592944,-0.10533243054452845,True
shooting,Columbia,-0.10929962944686954,-0.0020244384251209974,True
shooting,Argentina,-0.34190316947109783,-0.06964991216951513,True
shooting,Peru,0.39250015448287884,-0.06967702793404942,False
shooting,Venezuela,-0.6242728878466506,-0.22852484455424732,True
shooting,Chile,-0.23495000105185065,-0.14484365698997484,True
shooting,Ecuador,-0.44527461820693526,-0.1884213361424612,True
shooting,Bolivia,-0.12628845686105297,-0.1019396228587857,True
shooting,Paraguay,-0.5930635929548147,-0.18301674878586816,True
shooting,Uruguay,-0.2525888378885794,-0.1678657236871403,True
shooting,Australia,0.09196139133131914,0.021192282703780107,True
shooting,Fiji,0.2561122314299422,-0.09085492388648678,False
shooting,Samoa,-1.1561565660310889,-0.02615707902571591,True
shooting,Tonga,-1.0860435592271795,-0.10077571434649842,True
gymnastics,Nigeria,-0.06282433218031762,-0.14788905610978853,True
gymnastics,Ethiopia,-0.19932483596442385,-0.0015981349039150981,True
gymnastics,Egypt,-0.9710064605354991,0.15304262006084815,False
gymnastics,Congo,-1.0156259259294849,-0.012294565254162566,True
gymnastics,Tanzania,-0.5527234821499716,-0.03807724560863821,True
gymnastics,Kenya,-0.05712294987778837,0.06545093839059027,False
gymnastics,Uganda,0.3565051342559194,-0.051277845630072934,False
gymnastics,Sudan,-0.6344617652976935,-0.01795330407271854,True
gymnastics,Algeria,-0.2965139882250051,-0.25552623238195876,True
gymnastics,China,0.17969409933370675,0.1418319983410961,True
gymnastics,India,-0.7114861616769954,0.10291395217117258,False
gymnastics,Indonesia,0.06334366129879658,-0.03771306783485501,False
gymnastics,Pakistan,-1.1355569744824774,0.011828655106152866,False
gymnastics,Bangladesh,-0.19695993833497893,-0.12949086093881262,True
gymnastics,Japan,0.18732697654266953,0.15641916555637916,True
gymnastics,Philippines,0.6850121369518047,-0.0795255050608691,False
gymnastics,Vietnam,-0.3627705014148266,-0.0067376406569091335,True
gymnastics,Iran,-1.0931076803308728,0.04454813632714305,False
gymnastics,Turkey,-0.16758286861948452,-0.006332681516539839,True
gymnastics,Russia,0.5020735292099134,0.14058794825817994,True
gymnastics,Germany,0.5584743189332559,0.04530023386506019,True
gymnastics,France,-0.4590187432103244,-0.05483273433450998,True
gymnastics,Italy,0.11219315233096902,-0.00544837370368664,False
gymnastics,Spain,0.05374810098705654,0.0024363286210318216,True
gymnastics,Ukraine,0.8547715812908777,0.06467141171650026,True
gymnastics,Poland,0.9297745831602051,0.06803748945594656,True
gymnastics,Romania,1.3151573188408687,0.009267728108233985,True
gymnastics,Netherlands,-0.10182362632038118,-0.06926288365629059,True
gymnastics,Austria,0.19048874692468587,-0.020150009328260072,False
gymnastics,Mexico,-0.21906686050328478,-0.025423366591137392,True
gymnastics,Canada,-0.5456871568604627,0.020268859202101034,False
gymnastics,Guatemala,0.19635205528600144,-0.12155925840589114,False
gymnastics,Haiti,-0.3828601898833155,-0.04625477490834292,True
gymnastics,Cuba,-0.04296969041841258,-0.018258413421343978,True
gymnastics,Honduras,0.46100701670786326,-0.056432117131406535,False
gymnastics,Nicaragua,-0.08459103461390474,-0.14909750162732938,True
gymnastics,Brazil,0.3751562059769108,-0.03065241955441812,False
gymnastics,Columbia,-0.004526981542413008,-0.03946568378554937,True
gymnastics,Argentina,-0.2255176795755681,-0.05433520955669893,True
gymnastics,Peru,-0.2637637254328238,-0.03137795137382923,True
gymnastics,Venezuela,-0.3129391959646639,-0.15485160035474282,True
gymnastics,Chile,-0.5455955481266803,-0.1400123934625043,True
gymnastics,Ecuador,0.002512889475426382,-0.16490429111380656,False
gymnastics,Bolivia,-0.39158988335539285,-0.04728662956025701,True
gymnastics,Paraguay,-0.36771987741037265,-0.1206839661288971,True
gymnastics,Uruguay,-0.04290270009643353,-0.14119903717826437,True
gymnastics,Australia,-0.6584754394924413,0.011547055920706177,False
gymnastics,Fiji,-0.4417032761981046,-0.04726632344678013,True
gymnastics,Samoa,0.22902995619425395,-0.013797649350413789,False
gymnastics,Tonga,-0.04590736598196023,-0.12499003490308244,True
handball,Nigeria,0.528009068805308,-0.15006214818902988,False
handball,Ethiopia,-0.28657536668764644,-0.03791417238612644,True
handball,Egypt,-1.0435920558164882,0.1746462645473195,False
handball,Congo,-0.46545656867458024,-0.03474678181807767,True
handball,Tanzania,0.3488309747270564,-0.0727426110202183,False
handball,Kenya,-0.17585808772402448,0.07418734645579085,False
handball,Uganda,0.4130861527762478,-0.07661988098346277,False
handball,Sudan,-0.5477052353682059,0.008611807908366291,False
handball,Algeria,0.20641984164560664,-0.30187447654371535,False
handball,China,-0.596473407212137,0.14699820066734312,False
handball,India,-1.1042827750304922,0.06201380670035592,False
handball,Indonesia,0.14139141949437412,-0.08532011205241002,False
handball,Pakistan,-0.40942121637331397,0.0023002366534220033,False
handball,Bangladesh,0.4136301432281451,-0.1575092596004953,False
handball,Japan,-0.4621013305367152,0.11803629463603321,False
handball,Philippines,0.9221978663569926,-0.1703998479436031,False
handball,Vietnam,0.25310602278198363,0.033375029062011986,True
handball,Iran,-0.5519572549623104,0.030932747016488606,False
handball,Turkey,0.27347541048918195,-0.003007515113438033,False
handball,Russia,-0.5044765016968026,0.1158506535903404,False
handball,Germany,0.28819862961019194,0.06704607927370383,True
handball,France,-0.5665525889155768,-0.10080255617864389,True
handball,Italy,-0.2745348427592611,-0.08215128209769969,True
handball,Spain,0.08184342084949589,-0.04044604356274682,False
handball,Ukraine,0.7666280364530769,0.027295892207759007,True
handball,Poland,0.9152750064946895,0.08243845015879576,True
handball,Romania,0.9435167566952454,-0.0641081279403971,False
handball,Netherlands,0.5843738625391485,-0.11129376216784306,False
handball,Austria,0.25841648849070054,-0.04996263563194881,False
handball,Mexico,-0.23582364199765724,-0.037465160934000256,True
handball,Canada,-0.6528541067422853,0.061588729662114795,False
handball,Guatemala,0.5771636971885946,-0.15301553042800736,False
handball,Haiti,-0.3026564521205265,-0.09055482233151839,True
handball,Cuba,-0.2060375029680245,4.590066698235397e-05,False
handball,Honduras,0.8859664186440623,-0.056528076545355924,False
handball,Nicaragua,0.17795502077193934,-0.19523181882941304,False
handball,Brazil,0.3106803226894385,-0.0908479283447891,False
handball,Columbia,-0.1110146531264392,0.006495818921274805,False
handball,Argentina,0.3493332387879178,-0.07329893385273192,False
handball,Peru,0.13179980176828712,-0.08101397719044277,False
handball,Venezuela,0.03211420382664423,-0.20378418288046815,False
handball,Chile,0.10333006456099951,-0.16753921058430507,False
handball,Ecuador,0.18273529044717074,-0.2047193179712086,False
handball,Bolivia,0.37649780635751756,-0.09074297008903989,False
handball,Paraguay,0.19390398024627037,-0.1753200610068613,False
handball,Uruguay,0.5855822059795033,-0.17937599578887753,False
handball,Australia,-0.57582203131374,0.026386429801679073,False
handball,Fiji,-0.4840893327949421,-0.12356035225890682,True
handball,Samoa,-0.0809140003934862,-0.07481167508416296,True
handball,Tonga,-0.06646320150336592,-0.1637066844787198,True
wrestling,Nigeria,0.5746091938955965,-0.0317687164570678,False
wrestling,Ethiopia,0.38417921033452,-0.137057492563535,False
wrestling,Egypt,-0.1527244119515483,-0.028274834242309938,True
wrestling,Congo,-0.09424509287259225,-0.16204942450894882,True
wrestling,Tanzania,-0.03934546962081652,-0.0296542542772985,True
wrestling,Kenya,0.5138181243582362,0.11491051425627065,True
wrestling,Uganda,0.8032589800212869,-0.031880725413343226,False
wrestling,Sudan,0.5239116787370518,0.041071530556332135,True
wrestling,Algeria,0.3447032807981636,-0.3142001490764529,False
wrestling,China,0.024550330503019437,0.015557910396423954,True
wrestling,India,-0.48723336523505617,-0.1277322151613332,True
wrestling,Indonesia,0.021212062388761586,-0.16992479668356722,False
wrestling,Pakistan,-0.5641479994998075,-0.05667533233317103,True
wrestling,Bangladesh,-0.24960639546762256,-0.12071168528056163,True
wrestling,Japan,0.4952005076387491,-0.0701696254903458,False
wrestling,Philippines,0.14416513429960714,-0.24972125774213044,False
wrestling,Vietnam,0.41126899422362956,-0.03597441150073785,False
wrestling,Iran,-0.28742309169602226,-0.11492631415492609,True
wrestling,Turkey,-0.31626297077135784,-0.11162467406660379,True
wrestling,Russia,0.7206639120358502,-0.12103498587238105,False
wrestling,Germany,0.0899717193908378,-0.14792810486484226,False
wrestling,France,-0.9050494332622957,-0.35422284656581177,True
wrestling,Italy,-0.4028692281818187,-0.358357335527258,True
wrestling,Spain,0.12658386410604403,-0.2963447194654369,False
wrestling,Ukraine,0.9105739635771285,-0.1471506898772392,False
wrestling,Poland,0.06295951299028167,-0.13936123445200793,False
wrestling,Romania,0.5592529364444342,-0.31072957949254165,False
wrestling,Netherlands,-0.9358759441192701,-0.1873454579780481,True
wrestling,Austria,-0.9222684830206827,-0.28423196695973046,True
wrestling,Mexico,0.6298956305751773,-0.21647342563454902,False
wrestling,Canada,-0.5844565837332956,-0.008083611306658555,True
wrestling,Guatemala,-0.06768236758041718,-0.26915469523903285,True
wrestling,Haiti,-0.5796758313404401,-0.22872402861185162,True
wrestling,Cuba,0.12140041998456397,-0.18260789077568132,False
wrestling,Honduras,0.09756984450377325,-0.13304711833506816,False
wrestling,Nicaragua,0.049517415709643665,-0.20183227202606774,False
wrestling,Brazil,0.2561077676619604,-0.2698356968069143,False
wrestling,Columbia,-0.6546814537748956,0.06727168935793178,False
wrestling,Argentina,-0.43052594577111214,-0.26417908243097943,True
wrestling,Peru,0.10338742325372625,-0.2659025456288731,False
wrestling,Venezuela,-0.11537803482715157,-0.29246488617674266,True
wrestling,Chile,-0.7185653816685507,-0.23846233849141735,True
wrestling,Ecuador,-0.26605300313554786,-0.25526621620502415,True
wrestling,Bolivia,6.335926265342572e-06,-0.3056968255995013,False
wrestling,Paraguay,-0.24939332819910964,-0.25700368767543824,True
wrestling,Uruguay,-0.14101318843367666,-0.24094504841912334,True
wrestling,Australia,-0.3327231931222848,-0.06644359832754881,True
wrestling,Fiji,0.3763720228319612,-0.13508649151448887,False
wrestling,Samoa,1.5454228911628591,-0.12085463071201603,False
wrestling,Tonga,1.1578210338649193,-0.021174423050400452,False
skiing,Nigeria,-1.2994608482159198,-0.0589079772800875,True
skiing,Ethiopia,-0.8939630563660845,-0.017886846443130856,True
skiing,Egypt,-2.0642509925152726,0.11181469540760176,False
skiing,Congo,-1.1798795634594745,0.01535636014407417,False
skiing,Tanzania,-0.8186949967105093,-0.037701145833973236,True
skiing,Kenya,-0.44396141312887527,0.10326622914186827,False
skiing,Uganda,-0.5149622679395086,-0.0755962394690742,True
skiing,Sudan,-1.0897386458526943,-0.005396209153789097,True
skiing,Algeria,-0.1857548623695531,-0.20579820925066844,True
skiing,China,-1.2708094523021847,0.1423411644521992,False
skiing,India,-1.7999315384001267,0.011905453888282643,False
skiing,Indonesia,-1.1392315301731537,0.014765060181574682,False
skiing,Pakistan,-0.9998238849453698,0.010440563080487896,False
skiing,Bangladesh,-0.3960187449076222,-0.14668747161662085,True
skiing,Japan,-0.5926804944831225,0.21075427527464272,False
skiing,Philippines,-0.027434981718296267,-0.037879268833795644,True
skiing,Vietnam,-0.2928842042679425,0.11015516064137199,False
skiing,Iran,-1.6968141913930683,0.035559712149187225,False
skiing,Turkey,0.3674714049649113,-0.010820336071822272,False
skiing,Russia,0.21982058552294315,0.09458135555927825,True
skiing,Germany,1.1026478434252052,0.1329201968121039,True
skiing,France,0.7958712845809244,-0.037871439659227804,False
skiing,Italy,1.1799679929909086,-0.013334183488487484,False
skiing,Spain,0.4579377589177779,0.02551675389709713,True
skiing,Ukraine,0.2187209224753761,0.059318039010938135,True
skiing,Poland,0.7172396549098784,0.17530479092844278,True
skiing,Romania,0.2547834022972619,0.00779203016441832,True
skiing,Netherlands,-0.24321372172492312,0.024867298337440752,False
skiing,Austria,2.6733845704104406,0.019287144319723136,True
skiing,Mexico,-0.37265712685822855,0.038726106638612375,False
skiing,Canada,0.8047554285165843,0.0409405736172694,True
skiing,Guatemala,0.06025490826909617,-0.015691856536822642,False
skiing,Haiti,-0.8096904901589208,0.010330900567776219,False
skiing,Cuba,-0.8795810102234153,0.07996622712700147,False
skiing,Honduras,-0.25637466659766855,0.028579490779726012,False
skiing,Nicaragua,-0.2225612780629009,-0.07458416877370219,True
skiing,Brazil,-0.14504417274247008,0.014478934550181989,False
skiing,Columbia,0.44619053517342616,-0.0011568825232081323,False
skiing,Argentina,0.20421541798549964,0.05790883127284083,True
skiing,Peru,0.22724901497898187,0.022959271493275174,True
skiing,Venezuela,-0.8746186421581785,-0.09805413457489534,True
skiing,Chile,0.7945078039341523,0.008985341993748798,True
skiing,Ecuador,0.029352714460073766,-0.03675610971708506,False
skiing,Bolivia,0.08352080274693309,0.01638316955907671,True
skiing,Paraguay,-0.3267953137226777,-0.023662387554385836,True
skiing,Uruguay,-0.10158330298622976,-0.029296066513377756,True
skiing,Australia,-0.5327361917360558,-0.021337192102059428,True
skiing,Fiji,-0.8181532870733105,-0.07060540865797478,True
skiing,Samoa,-0.9663191994512313,0.034002937168891974,False
skiing,Tonga,-0.6112796311719386,-0.09705734064471336,True
horse racing,Nigeria,0.11637191087783556,-0.1386703613627697,False
horse racing,Ethiopia,0.23224344200397196,-0.06649642832571845,False
horse racing,Egypt,-0.49272259055776985,0.06254816733980835,False
horse racing,Congo,-0.41232079091031326,-0.06466094626663835,True
horse racing,Tanzania,-0.1563456079402888,-0.1036293364105916,True
horse racing,Kenya,0.6365772754355559,-0.012161413266189402,False
horse racing,Uganda,0.742949028650096,-0.08218417968612551,False
horse racing,Sudan,0.2570734148191894,0.004700798224992943,True
horse racing,Algeria,0.5727562036790758,-0.2118711788998936,False
horse racing,China,-0.7383179064192219,0.04396580916290185,False
horse racing,India,0.12847936701761647,-0.02053902884008443,False
horse racing,Indonesia,-0.09239067633955396,-0.132983334450119,True
horse racing,Pakistan,-0.29642819923555774,-0.06816925188734052,True
horse racing,Bangladesh,0.837877169119649,-0.130870992470293,False
horse racing,Japan,-0.454783600717632,-0.009646731552819747,True
horse racing,Philippines,0.7992293526493852,-0.17278909980227836,False
horse racing,Vietnam,0.15344032435457483,-0.029786329159941925,False
horse racing,Iran,-0.6398644400322846,-0.03494705959406914,True
horse racing,Turkey,0.011088236316086603,-0.04353699175834651,False
horse racing,Russia,-0.5202222126634806,0.006481819895006765,False
horse racing,Germany,0.6240285461090435,-0.018237807556507946,False
horse racing,France,0.40585589465499183,-0.10612076558875937,False
horse racing,Italy,0.356905066625027,-0.121729904842105,False
horse racing,Spain,0.5425245345591219,-0.11806748706548557,False
horse racing,Ukraine,-0.005003892484841677,-0.07698925513039599,True
horse racing,Poland,-0.05593390757815845,-0.07299779278704005,True
horse racing,Romania,0.1605580004016886,-0.12915281419941987,False
horse racing,Netherlands,0.1377525605350692,-0.09579760289523967,False
horse racing,Austria,0.9609235661307934,-0.08665640427045951,False
horse racing,Mexico,0.48440826255898445,-0.11201458200096215,False
horse racing,Canada,0.27585294857927356,0.032693948871984076,True
horse racing,Guatemala,0.0698848812331268,-0.17821139885583434,False
horse racing,Haiti,-0.5502884958591635,-0.1384981013320919,True
horse racing,Cuba,0.10091772149559573,-0.11345348738560802,False
horse racing,Honduras,-0.14857977985843093,-0.12159152251704775,True
horse racing,Nicaragua,-0.3635005683174445,-0.1952225317140032,True
horse racing,Brazil,0.3130217275833972,-0.15121519606985576,False
horse racing,Columbia,-0.02778522677099809,0.013378283530515898,False
horse racing,Argentina,0.3197235398957668,-0.16359283436475947,False
horse racing,Peru,-0.5175569795798118,-0.1598495841090201,True
horse racing,Venezuela,-0.2669209836623857,-0.22414949740566453,True
horse racing,Chile,-0.45015629837037835,-0.19628129611277909,True
horse racing,Ecuador,-0.5108087023089598,-0.20625633961383946,True
horse racing,Bolivia,-0.13630726751749112,-0.17581942317721996,True
horse racing,Paraguay,0.33618016792241084,-0.19499737475448087,False
horse racing,Uruguay,0.5560237151635237,-0.20590901930677635,False
horse racing,Australia,0.998816112007729,0.01066045890497406,True
horse racing,Fiji,0.30410951386858137,-0.11379811031110933,False
horse racing,Samoa,0.29651828852587386,-0.12738834839540847,False
horse racing,Tonga,0.6477963545326259,-0.09898445920307099,False
horling,Nigeria,-0.437294697028434,-0.14739628989314033,True
horling,Ethiopia,0.6215007944868924,-0.08303965672746579,False
horling,Egypt,-0.25995800528488294,0.06535918321168777,False
horling,Congo,-0.032047487178681576,-0.04366973700961325,True
horling,Tanzania,0.3723805012575662,-0.07059998687001436,False
horling,Kenya,0.2419949842082616,0.07110714515410886,True
horling,Uganda,0.4169702616287215,-0.07808986962810845,False
horling,Sudan,0.20719562865408028,0.0017223419322352006,True
horling,Algeria,0.5101309409564193,-0.2637799750636755,False
horling,China,-0.1922765618961958,0.11453751789051539,False
horling,India,-0.7838523322492899,0.00864163498372293,False
horling,Indonesia,-0.3465984191319393,-0.0870347810874744,True
horling,Pakistan,-0.9313809234144214,-0.0493365278753598,True
horling,Bangladesh,0.15386115326080238,-0.08153573529954265,False
horling,Japan,-0.5210179338734473,0.10413676491456478,False
horling,Philippines,-0.1743192360874367,-0.16072612613188356,True
horling,Vietnam,0.4311705189242268,0.09432455073687937,True
horling,Iran,-0.7227409929217421,-0.045839378076632825,True
horling,Turkey,0.2677489477620977,-0.06135281027203995,False
horling,Russia,-0.7325062811220321,-0.010326502269250026,True
horling,Germany,0.658093100111866,0.08953123634216868,True
horling,France,0.018887126566724123,-0.08767091490207363,False
horling,Italy,-0.14874171926627988,-0.1426866182570515,True
horling,Spain,0.4147589807702511,-0.12295400058138231,False
horling,Ukraine,0.02578959869400463,-0.04876663054495975,False
horling,Poland,0.8446584221139327,0.040644379543679166,True
horling,Romania,0.41185548300233377,-0.12147097002136074,False
horling,Netherlands,0.733047878066661,-0.05501573751482637,False
horling,Austria,0.6532165483878529,-0.008800455763257841,False
horling,Mexico,-0.4100917705546132,-0.09665407317036523,True
horling,Canada,-0.44695234276004725,0.10575200285394436,False
horling,Guatemala,0.33716026613838584,-0.19429040186576021,False
horling,Haiti,-0.858423216960744,-0.14656547991516913,True
horling,Cuba,-0.9849014724447277,-0.06352740566976245,True
horling,Honduras,0.24151391747630382,-0.10257487369425324,False
horling,Nicaragua,-0.48437604719640853,-0.2706538339596579,True
horling,Brazil,-0.7036819771419407,-0.13950349419908595,True
horling,Columbia,-0.7207070949948873,0.056384716932124414,False
horling,Argentina,-0.6561773323139511,-0.10812595181621275,True
horling,Peru,0.20583016975294163,-0.14059460779600585,False
horling,Venezuela,-1.0836294049867123,-0.2768089818600453,True
horling,Chile,-0.3454061652274649,-0.17197430644071396,True
horling,Ecuador,-0.6849470256501142,-0.2313708904881378,True
horling,Bolivia,0.1553225070636159,-0.135078671111507,False
horling,Paraguay,0.06617363954985729,-0.20620441497386577,False
horling,Uruguay,-0.12675349668532776,-0.18699052103852393,True
horling,Australia,0.09057109743003046,0.1328639446042206,True
horling,Fiji,0.22360296964953782,-0.12047044530262604,False
horling,Samoa,0.2403194433192218,-0.09203254015348503,False
horling,Tonga,0.1147618720642303,-0.12721644426036735,False
pickleball,Nigeria,0.6167385538437884,-0.1643482236101288,False
pickleball,Ethiopia,-0.14522638285794187,-0.113164075460527,True
pickleball,Egypt,-0.8249024534158415,0.11103338795229035,False
pickleball,Congo,-0.2853409355628019,-0.07798514151792063,True
pickleball,Tanzania,0.15503424510630553,-0.09723899394084846,False
pickleball,Kenya,-0.1097210495717998,0.06958290479159278,False
pickleball,Uganda,0.525104020776505,-0.10242423855296755,False
pickleball,Sudan,-0.5670926650693057,-0.0032673535038972154,True
pickleball,Algeria,0.04980133415410557,-0.355670127691701,False
pickleball,China,-0.8879420205198858,0.1267211453609601,False
pickleball,India,-0.9249625651464698,0.005109555809424668,False
pickleball,Indonesia,-0.9243949725100234,-0.1328941628936391,True
pickleball,Pakistan,-0.7244166136543722,-0.027742883186256374,True
pickleball,Bangladesh,0.16345686267253248,-0.15358946307651675,False
pickleball,Japan,-0.9300686418479038,0.058257164783398756,False
pickleball,Philippines,-0.0660473328181753,-0.22565647558896407,True
pickleball,Vietnam,-0.10841897526040581,0.10513293276772405,False
pickleball,Iran,-1.0135686354439382,-0.015002712782913548,True
pickleball,Turkey,0.006936572753903974,-0.03229945872736405,False
pickleball,Russia,-0.7835174526530709,0.029239457203389992,False
pickleball,Germany,0.3356740880260569,0.04524683799626843,True
pickleball,France,-0.6006818849731653,-0.14349627506439766,True
pickleball,Italy,-0.323950667106661,-0.1818913950038323,True
pickleball,Spain,0.3105403582230005,-0.14250009823543286,False
pickleball,Ukraine,0.27806770566580924,-0.02238103547629072,False
pickleball,Poland,1.0697645499678485,0.038388002911695716,True
pickleball,Romania,0.29621343609373263,-0.13729447568487343,False
pickleball,Netherlands,0.04255947341139317,-0.10696358869091371,False
pickleball,Austria,-0.03762912098349786,-0.09410327095394894,True
pickleball,Mexico,0.21691305984609635,-0.11189438010184252,False
pickleball,Canada,0.11563515212765532,0.10087698194185152,True
pickleball,Guatemala,0.8279202963333455,-0.21178512068302996,False
pickleball,Haiti,0.14875921270019238,-0.1260894367162961,False
pickleball,Cuba,0.19750096990652644,-0.04673774801651432,False
pickleball,Honduras,1.3389315745182035,-0.10914577468418134,False
pickleball,Nicaragua,0.31139461864510815,-0.24149299275895555,False
pickleball,Brazil,-0.11038092477279522,-0.1689364986383491,True
pickleball,Columbia,0.6199023456234399,0.06240989857619393,True
pickleball,Argentina,0.15972700235918605,-0.13693309537373394,False
pickleball,Peru,0.04717614387193064,-0.16073308489712504,False
pickleball,Venezuela,-0.15409387403866737,-0.26505008191372137,True
pickleball,Chile,-0.17561048184388672,-0.20006985182367734,True
pickleball,Ecuador,0.07098613685080522,-0.25015418592108424,False
pickleball,Bolivia,0.59527579193194,-0.18372695814335724,False
pickleball,Paraguay,0.34489568677146953,-0.23269857925384793,False
pickleball,Uruguay,0.3000135054997869,-0.19458995185764513,False
pickleball,Australia,-0.28776278821136564,0.05044107772645791,False
pickleball,Fiji,-0.38419256153150466,-0.12955703099096694,True
pickleball,Samoa,-0.10827363656030661,-0.10194102215200575,True
pickleball,Tonga,0.1371837168833504,-0.14159818925660755,False
water polo,Nigeria,0.5007194330676739,-0.05056521708677023,False
water polo,Ethiopia,-0.6410620321719314,-0.015525481261639445,True
water polo,Egypt,-0.9666580204976173,0.12392610630296039,False
water polo,Congo,-0.508217031402714,-0.02765244723448206,True
water polo,Tanzania,0.2138404496195058,-0.07537719805370269,False
water polo,Kenya,0.20869011333651535,0.07750718921409888,True
water polo,Uganda,0.45470177034671966,-0.050560751738644216,False
water polo,Sudan,-0.8229193607300971,0.023347398004202626,False
water polo,Algeria,-0.21859014357886725,-0.19989348065077478,True
water polo,China,-0.30702244380210625,0.08506280052486545,False
water polo,India,-0.8097598413727402,-0.022746437083831457,True
water polo,Indonesia,0.5493474387073781,-0.06584504939537233,False
water polo,Pakistan,-0.8349112927162865,-0.003428982210838599,True
water polo,Bangladesh,0.06034407343928303,-0.1523327621807619,False
water polo,Japan,0.047869050329706196,0.06721654511449197,True
water polo,Philippines,0.7406758971692918,-0.1179940209953906,False
water polo,Vietnam,0.617315246149952,0.04803365146897797,True
water polo,Iran,-0.9067579057167322,0.040582931831987835,False
water polo,Turkey,-0.08507008408714442,-0.02510352461630947,True
water polo,Russia,-1.053144827975502,0.04901770574986105,False
water polo,Germany,0.46648820780173494,0.04321516473405527,True
water polo,France,0.13092579228537862,-0.09248565075477429,False
water polo,Italy,0.6008227875810063,-0.07824857938262768,False
water polo,Spain,0.5858040487791825,-0.00042527067359748454,False
water polo,Ukraine,0.16513310469616177,0.010100428457719997,True
water polo,Poland,0.0741421271764513,0.0795662196937488,True
water polo,Romania,0.6017435403938426,-0.03384328529040804,False
water polo,Netherlands,0.4167654036506358,-0.05382081239844634,False
water polo,Austria,0.45641183329046253,-0.06742010169755806,False
water polo,Mexico,-0.05367891843188452,0.008354190447078788,False
water polo,Canada,0.0006560250110032041,0.015772625505358743,True
water polo,Guatemala,0.12610473556453497,-0.02659471034908227,False
water polo,Haiti,-0.15199658228590535,0.030156155158828628,False
water polo,Cuba,0.3658154448593094,0.07368487277568739,True
water polo,Honduras,0.8496134902853846,0.05337054358510473,True
water polo,Nicaragua,0.05917262354016896,-0.048524004843163125,False
water polo,Brazil,1.0857213404705155,-0.01056980820050119,False
water polo,Columbia,0.3700030280662884,0.03714478767817635,True
water polo,Argentina,0.9201979098506949,0.022113955154073633,True
water polo,Peru,-0.022413004488787785,-0.03295450133749553,True
water polo,Venezuela,0.17206384689948398,-0.0731990842998855,False
water polo,Chile,0.7524728315089834,-0.038861008027164516,False
water polo,Ecuador,0.2778073576218448,-0.06125538853540932,False
water polo,Bolivia,0.24054328422093632,-0.03815108046444437,False
water polo,Paraguay,0.37508884182017166,-0.03862241259918371,False
water polo,Uruguay,0.9342590677977284,-0.054579628468203654,False
water polo,Australia,1.0375749936910543,-0.0505713055864213,False
water polo,Fiji,1.3685290611092604,-0.10389542113718836,False
water polo,Samoa,0.7601265707845039,-0.04995738658436911,False
water polo,Tonga,0.46529927534392457,-0.13102853763102731,False
bowling,Nigeria,0.403273976970062,-0.08714429593703846,False
bowling,Ethiopia,-1.1150031043089628,-0.0931982011542023,True
bowling,Egypt,-1.6512878394786483,-0.0018544650412253756,True
bowling,Congo,-1.2953502040137013,-0.13264021212793636,True
bowling,Tanzania,-0.26417573906280667,-0.0540731486285507,True
bowling,Kenya,0.007146529281468674,0.14033670590332317,True
bowling,Uganda,0.35399965538722894,-0.021116718546914076,False
bowling,Sudan,-1.2206786678652013,-0.030679855714589675,True
bowling,Algeria,-0.7865201693564217,-0.3315210363209986,True
bowling,China,-0.5078362824374916,0.10773551105678479,False
bowling,India,0.4440216977775685,0.029686110179442636,True
bowling,Indonesia,-0.07114701156452488,-0.0958081156657081,True
bowling,Pakistan,0.46371246281456113,0.0130326568289482,True
bowling,Bangladesh,0.7663518806498034,-0.01429268894885727,False
bowling,Japan,-0.44411150641777386,0.05901852303727522,False
bowling,Philippines,-0.0947882290964277,-0.18499907812904573,True
bowling,Vietnam,-0.17836708425800002,0.05081012204247864,False
bowling,Iran,-0.8770158908754255,-0.05841587498973245,True
bowling,Turkey,-0.5294799203557536,-0.09501353298034072,True
bowling,Russia,-1.7957631682812836,-0.04983969555034525,True
bowling,Germany,-0.3533951619335822,-0.009645766538434847,True
bowling,France,-1.14977556741459,-0.16997236511422467,True
bowling,Italy,-0.9202561125598249,-0.24406745756934636,True
bowling,Spain,-0.9164457215196922,-0.2765516090184717,True
bowling,Ukraine,-1.1260256931512136,-0.08271899736388473,True
bowling,Poland,-0.5348438540933026,-0.05048585272576709,True
bowling,Romania,-1.0487639297939162,-0.18532852010762801,True
bowling,Netherlands,-0.20585071110963465,-0.06376280422613079,True
bowling,Austria,-0.6915125140311029,-0.10722473338454343,True
bowling,Mexico,-0.9204828119300479,-0.23552572575177172,True
bowling,Canada,0.3627735327496151,0.15439559508141681,True
bowling,Guatemala,-0.4111117810989101,-0.29617354258351686,True
bowling,Haiti,-1.1625894729553923,-0.18427743475544847,True
bowling,Cuba,-1.1101782494371701,-0.21775552117676655,True
bowling,Honduras,-0.21692134027991222,-0.1957850526312391,True
bowling,Nicaragua,-0.317271009639416,-0.27014769997477417,True
bowling,Brazil,-0.8327636003948582,-0.23973308183671535,True
bowling,Columbia,0.7288575657056988,0.11024586309558061,True
bowling,Argentina,-1.0848677596921226,-0.2594593742619004,True
bowling,Peru,-0.8972291674302002,-0.22469232707283426,True
bowling,Venezuela,-0.8983583996528383,-0.3476570299363189,True
bowling,Chile,-1.2690265575260127,-0.2742080607910861,True
bowling,Ecuador,-0.910348573133759,-0.3045625340416275,True
bowling,Bolivia,-0.9740045155590117,-0.2475203929333199,True
bowling,Paraguay,-0.8369418673866313,-0.2677551224215866,True
bowling,Uruguay,-0.3348329151951934,-0.2491386157806243,True
bowling,Australia,0.9006104278252995,0.16934656141825075,True
bowling,Fiji,0.2887881889758928,-0.026799028756971863,False
bowling,Samoa,-0.19291167489071956,-0.029837719717551916,True
bowling,Tonga,-0.10808510251269564,-0.03560748206975062,True
